Workbook

Sheet 원가계산서(총체및1차)
B1: 공 사 원 가 계 산 서
B2: 공사명 : 부산역 4층(부고열소) 내부개수 기타공사(총체)
B3: 비 목 | E3: 총체 금액 | F3: 1차 금액 | G3: 2차 금액 | H3: 구 성 비 | I3: 비 고
A4: A1 | B4: 순 공 사 원 가 | C4: 재 료 비 | D4: 직 접 재 료 비 | E4: ='원가계산서(총체)'!E4 -> 0 | F4: ='원가계산서(1차)'!E4 -> 0 | G4: =E4-F4 -> 0
A5: A2 | D5: 간 접 재 료 비 | E5: 0 | F5: 0 | G5: =E5-F5 -> 0
A6: A3 | D6: 작 업 부 산 물 | E6: ='원가계산서(총체)'!E6 -> 0 | F6: ='원가계산서(1차)'!E6 -> 0 | G6: =E6-F6 -> 0
A7: AS | D7: [ 소 계 ] | E7: =TRUNC(E4+E5-E6, 0) -> 0 | F7: =TRUNC(F4+F5-F6, 0) -> 0 | G7: =E7-F7 -> 0
A8: B1 | C8: 노 무 비 | D8: 직 접 노 무 비 | E8: ='원가계산서(총체)'!E8 -> 0 | F8: ='원가계산서(1차)'!E8 -> 0 | G8: =E8-F8 -> 0
A9: B2 | D9: 간 접 노 무 비 | E9: =TRUNC(E8*0.122, 0) -> 0 | F9: =TRUNC(F8*0.122, 0) -> 0 | G9: =E9-F9 -> 0 | H9: 직접노무비 * 12.2%
A10: BS | D10: [ 소 계 ] | E10: =TRUNC(E8+E9, 0) -> 0 | F10: =TRUNC(F8+F9, 0) -> 0 | G10: =E10-F10 -> 0
A11: C2 | C11: 경 비 | D11: 경 비 | E11: ='원가계산서(총체)'!E11 -> 0 | F11: ='원가계산서(1차)'!E11 -> 0 | G11: =E11-F11 -> 0
A12: C4 | D12: 산 재 보 험 료 | E12: =TRUNC(E10*0.037, 0) -> 0 | F12: =TRUNC(F10*0.037, 0) -> 0 | G12: =E12-F12 -> 0 | H12: 노무비 * 3.7%
A13: C5 | D13: 고 용 보 험 료 | E13: =TRUNC(E10*0.0101, 0) -> 0 | F13: =TRUNC(F10*0.0101, 0) -> 0 | G13: =E13-F13 -> 0 | H13: 노무비 * 1.01%
A14: C6 | D14: 국민 건강 보험료 | E14: =TRUNC(E8*0.03545, 0) -> 0 | F14: =TRUNC(F8*0.03545, 0) -> 0 | G14: =E14-F14 -> 0 | H14: 직접노무비 * 3.545%
A15: C7 | D15: 국민 연금 보험료 | H15: 직접노무비 * 4.5%
A16: C8 | D16: 퇴직 공제 부금비 | H16: 직접노무비 * 2.3%
A17: CA | D17: 산업안전보건관리비 | H17: (재료비+직노+관급자재비) * 1.86%
A18: CB | D18: 노인장기요양보험료 | H18: 건강보험료 * 12.81%
A19: CG | D19: 기 타 경 비 | H19: (재료비+노무비) * 5.8%
A20: CH | D20: 환 경 보 전 비 | H20: (재료비+직노+경비) * 0.3%
A21: CK | D21: 하도급지급보증수수료 | H21: (재료비+직노+경비) * 0.081% | I21: 최저가대상공사
A22: CL | D22: 건설기계대여금지급보증서발급수수료 | H22: (재료비+직노+경비) * 0.07%
A23: CS | D23: [ 소 계 ]
A24: S1 | B24: 계
A25: D1 | B25: 일 반 관 리 비 | H25: 계 * 5.5%
A26: D2 | B26: 이 윤 | H26: (노무비+경비+일반관리비) * 15%
A27: D3 | B27: 사 급 자 재 비
A28: D4 | B28: 폐기물처리비
A29: D9 | B29: 공 급 가 액
A30: DB | B30: 부 가 가 치 세 | H30: 공급가액 * 10%
A31: DH | B31: 도 급 액
A32: S2 | B32: 총 공 사 비

Sheet 원가계산서(총체)
B1: 공 사 원 가 계 산 서
B2: 공사명 : 부산역 4층(부고열소) 내부개수 기타공사(총체)
B3: 비 목 | E3: 금 액 | F3: 구 성 비 | G3: 비 고
A4: A1 | B4: 순 공 사 원 가 | C4: 재 료 비 | D4: 직 접 재 료 비 | E4: =TRUNC('공종별집계표(총체)'!F5, 0) -> 0
A5: A2 | D5: 간 접 재 료 비 | E5: 0
A6: A3 | D6: 작 업 부 산 물 | E6: =TRUNC('공종별집계표(총체)'!T18, 0) -> 0
A7: AS | D7: [ 소 계 ] | E7: =TRUNC(E4+E5-E6, 0) -> 0
A8: B1 | C8: 노 무 비 | D8: 직 접 노 무 비 | E8: =TRUNC('공종별집계표(총체)'!H5, 0) -> 0
A9: B2 | D9: 간 접 노 무 비 | E9: =TRUNC(E8*0.122, 0) -> 0 | F9: 직접노무비 * 12.2%
A10: BS | D10: [ 소 계 ] | E10: =TRUNC(E8+E9, 0) -> 0
A11: C2 | C11: 경 비 | D11: 경 비 | E11: =TRUNC('공종별집계표(총체)'!J5, 0) -> 0
A12: C4 | D12: 산 재 보 험 료 | E12: =TRUNC(E10*0.037, 0) -> 0 | F12: 노무비 * 3.7%
A13: C5 | D13: 고 용 보 험 료 | E13: =TRUNC(E10*0.0101, 0) -> 0 | F13: 노무비 * 1.01%
A14: C6 | D14: 국민 건강 보험료 | E14: =TRUNC(E8*0.03545, 0) -> 0 | F14: 직접노무비 * 3.545%
A15: C7 | D15: 국민 연금 보험료 | E15: =TRUNC(E8*0.045, 0) -> 0 | F15: 직접노무비 * 4.5%
A16: C8 | D16: 퇴직 공제 부금비 | E16: =TRUNC(E8*0.023, 0) -> 0 | F16: 직접노무비 * 2.3%
A17: CA | D17: 산업안전보건관리비 | F17: (재료비+직노+관급자재비) * 1.86%
A18: CB | D18: 노인장기요양보험료 | F18: 건강보험료 * 12.81%
A19: CG | D19: 기 타 경 비 | F19: (재료비+노무비) * 5.8%
A20: CH | D20: 환 경 보 전 비 | F20: (재료비+직노+경비) * 0.3%
A21: CK | D21: 하도급지급보증수수료 | F21: (재료비+직노+경비) * 0.081% | G21: 최저가대상공사
A22: CL | D22: 건설기계대여금지급보증서발급수수료 | F22: (재료비+직노+경비) * 0.07%
A23: CS | D23: [ 소 계 ]
A24: S1 | B24: 계
A25: D1 | B25: 일 반 관 리 비 | F25: 계 * 5.5%
A26: D2 | B26: 이 윤 | F26: (노무비+경비+일반관리비) * 15%
A27: D3 | B27: 사 급 자 재 비
A28: D4 | B28: 폐기물처리비
A29: D9 | B29: 공 급 가 액
A30: DB | B30: 부 가 가 치 세 | F30: 공급가액 * 10%
A31: DH | B31: 도 급 액
A32: S2 | B32: 총 공 사 비

Sheet 원가계산서(1차)
B1: 공 사 원 가 계 산 서
B2: 공사명 : 부산역 4층(부고열소) 내부개수 기타공사(1차) | F2: 금액 : 오억오천일백육십오만원(￦551,650,000)
B3: 비 목 | E3: 금 액 | F3: 구 성 비 | G3: 비 고
A4: A1 | B4: 순 공 사 원 가 | C4: 재 료 비 | D4: 직 접 재 료 비
A5: A2 | D5: 간 접 재 료 비
A6: A3 | D6: 작 업 부 산 물
A7: AS | D7: [ 소 계 ]
A8: B1 | C8: 노 무 비 | D8: 직 접 노 무 비
A9: B2 | D9: 간 접 노 무 비 | F9: 직접노무비 * 12.2%
A10: BS | D10: [ 소 계 ]
A11: C2 | C11: 경 비 | D11: 경 비
A12: C4 | D12: 산 재 보 험 료 | F12: 노무비 * 3.7%
A13: C5 | D13: 고 용 보 험 료 | F13: 노무비 * 1.01%
A14: C6 | D14: 국민 건강 보험료 | F14: 직접노무비 * 3.545%
A15: C7 | D15: 국민 연금 보험료 | F15: 직접노무비 * 4.5%
A16: C8 | D16: 퇴직 공제 부금비 | F16: 직접노무비 * 2.3%
A17: CA | D17: 산업안전보건관리비 | F17: (재료비+직노+관급자재비) * 1.86%
A18: CB | D18: 노인장기요양보험료 | F18: 건강보험료 * 12.81%
A19: CG | D19: 기 타 경 비 | F19: (재료비+노무비) * 5.8%
A20: CH | D20: 환 경 보 전 비 | F20: (재료비+직노+경비) * 0.3%
A21: CK | D21: 하도급지급보증수수료 | F21: (재료비+직노+경비) * 0.081% | G21: 최저가대상공사
A22: CL | D22: 건설기계대여금지급보증서발급수수료 | F22: (재료비+직노+경비) * 0.07%
A23: CS | D23: [ 소 계 ]
A24: S1 | B24: 계
A25: D1 | B25: 일 반 관 리 비 | F25: 계 * 5.5%
A26: D2 | B26: 이 윤 | F26: (노무비+경비+일반관리비) * 15%
A27: D3 | B27: 사 급 자 재 비
A28: D9 | B28: 공 급 가 액
A29: DB | B29: 부 가 가 치 세 | F29: 공급가액 * 10%
A30: DH | B30: 도 급 액
A31: S2 | B31: 총 공 사 비

Sheet 공종별집계표(총체)
A1: 공 종 별 집 계 표
A2: [ 부산역 4층(부고열소) 내부개수 기타공사(총체) ]
A3: 품 명 | B3: 규 격 | C3: 단위 | D3: 수량 | E3: 재 료 비 | G3: 노 무 비 | I3: 경 비 | K3: 합 계 | M3: 비 고 | N3: 공종코드 | O3: 변수 | P3: 상위공종 | Q3: 공종구분 | R3: 공종레벨 | S3: 공종소계 | T3: 원가계산서 연결금액
E4: 단 가 | F4: 금 액 | G4: 단 가 | H4: 금 액 | I4: 단 가 | J4: 금 액 | K4: 단 가 | L4: 금 액
A5: 01 부산역 4층(부고열소) 내부개수 기타공사(총체) | D5: 1 | E5: =F6+F7+F8+F9+F10+F11+F12+F13+F14+F15+F16 -> 0 | F5: =E5*D5 -> 0 | G5: =H6+H7+H8+H9+H10+H11+H12+H13+H14+H15+H16 -> 0 | H5: =G5*D5 -> 0 | I5: =J6+J7+J8+J9+J10+J11+J12+J13+J14+J15+J16 -> 0 | J5: =I5*D5 -> 0 | K5: =E5+G5+I5 -> 0 | L5: =F5+H5+J5 -> 0 | N5: 01 | R5: 1
A6: 0101 가설공사 | D6: 1 | E6: ='공종별내역서(총체)'!F25 -> 0 | F6: =E6*D6 -> 0 | G6: ='공종별내역서(총체)'!H25 -> 0 | H6: =G6*D6 -> 0 | I6: ='공종별내역서(총체)'!J25 -> 0 | J6: =I6*D6 -> 0 | K6: =E6+G6+I6 -> 0 | L6: =F6+H6+J6 -> 0 | N6: 0101 | P6: 01 | R6: 2
A7: 0102 조적공사 및 미장공사 | D7: 1 | E7: ='공종별내역서(총체)'!F47 -> 0 | F7: =E7*D7 -> 0 | G7: ='공종별내역서(총체)'!H47 -> 0 | H7: =G7*D7 -> 0 | I7: ='공종별내역서(총체)'!J47 -> 0 | J7: =I7*D7 -> 0 | K7: =E7+G7+I7 -> 0 | L7: =F7+H7+J7 -> 0 | N7: 0102 | P7: 01 | R7: 2
A8: 0103 타일공사 및 방수공사 | D8: 1 | E8: ='공종별내역서(총체)'!F69 -> 0 | F8: =E8*D8 -> 0 | G8: ='공종별내역서(총체)'!H69 -> 0 | H8: =G8*D8 -> 0 | I8: ='공종별내역서(총체)'!J69 -> 0 | J8: =I8*D8 -> 0 | K8: =E8+G8+I8 -> 0 | L8: =F8+H8+J8 -> 0 | N8: 0103 | P8: 01 | R8: 2
A9: 0104 목공사 및 수장공사 | D9: 1 | E9: ='공종별내역서(총체)'!F135 -> 0 | F9: =E9*D9 -> 0 | G9: ='공종별내역서(총체)'!H135 -> 0 | H9: =G9*D9 -> 0 | I9: ='공종별내역서(총체)'!J135 -> 0 | J9: =I9*D9 -> 0 | K9: =E9+G9+I9 -> 0 | L9: =F9+H9+J9 -> 0 | N9: 0104 | P9: 01 | R9: 2
A10: 0105 금속공사 | D10: 1 | E10: ='공종별내역서(총체)'!F157 -> 0 | F10: =E10*D10 -> 0 | G10: ='공종별내역서(총체)'!H157 -> 0 | H10: =G10*D10 -> 0 | I10: ='공종별내역서(총체)'!J157 -> 0 | J10: =I10*D10 -> 0 | K10: =E10+G10+I10 -> 0 | L10: =F10+H10+J10 -> 0 | N10: 0105 | P10: 01 | R10: 2
A11: 0106 창호공사 | D11: 1 | E11: ='공종별내역서(총체)'!F179 -> 0 | F11: =E11*D11 -> 0 | G11: ='공종별내역서(총체)'!H179 -> 0 | H11: =G11*D11 -> 0 | I11: ='공종별내역서(총체)'!J179 -> 0 | J11: =I11*D11 -> 0 | K11: =E11+G11+I11 -> 0 | L11: =F11+H11+J11 -> 0 | N11: 0106 | P11: 01 | R11: 2
A12: 0107 칠공사 | D12: 1 | E12: ='공종별내역서(총체)'!F201 -> 0 | F12: =E12*D12 -> 0 | G12: ='공종별내역서(총체)'!H201 -> 0 | H12: =G12*D12 -> 0 | I12: ='공종별내역서(총체)'!J201 -> 0 | J12: =I12*D12 -> 0 | K12: =E12+G12+I12 -> 0 | L12: =F12+H12+J12 -> 0 | N12: 0107 | P12: 01 | R12: 2
A13: 0108 급수·위생설비공사 | D13: 1 | E13: ='공종별내역서(총체)'!F267 -> 0 | F13: =E13*D13 -> 0 | G13: ='공종별내역서(총체)'!H267 -> 0 | H13: =G13*D13 -> 0 | I13: ='공종별내역서(총체)'!J267 -> 0 | J13: =I13*D13 -> 0 | K13: =E13+G13+I13 -> 0 | L13: =F13+H13+J13 -> 0 | N13: 0108 | P13: 01 | R13: 2
A14: 0109 공기조화설비공사 | D14: 1 | E14: ='공종별내역서(총체)'!F289 -> 0 | F14: =E14*D14 -> 0 | G14: ='공종별내역서(총체)'!H289 -> 0 | H14: =G14*D14 -> 0 | I14: ='공종별내역서(총체)'!J289 -> 0 | J14: =I14*D14 -> 0 | K14: =E14+G14+I14 -> 0 | L14: =F14+H14+J14 -> 0 | N14: 0109 | P14: 01 | R14: 2
A15: 0110 부대공사 | D15: 1 | E15: ='공종별내역서(총체)'!F311 -> 0 | F15: =E15*D15 -> 0 | G15: ='공종별내역서(총체)'!H311 -> 0 | H15: =G15*D15 -> 0 | I15: ='공종별내역서(총체)'!J311 -> 0 | J15: =I15*D15 -> 0 | K15: =E15+G15+I15 -> 0 | L15: =F15+H15+J15 -> 0 | N15: 0110 | P15: 01 | R15: 2
A16: 0111 철거공사 | D16: 1 | E16: ='공종별내역서(총체)'!F333 -> 0 | F16: =E16*D16 -> 0 | G16: ='공종별내역서(총체)'!H333 -> 0 | H16: =G16*D16 -> 0 | I16: ='공종별내역서(총체)'!J333 -> 0 | J16: =I16*D16 -> 0 | K16: =E16+G16+I16 -> 0 | L16: =F16+H16+J16 -> 0 | N16: 0111 | P16: 01 | R16: 2
A17: 0112 폐기물처리비 | D17: 1 | E17: ='공종별내역서(총체)'!F355 -> 0 | F17: =E17*D17 -> 0 | G17: ='공종별내역서(총체)'!H355 -> 0 | H17: =G17*D17 -> 0 | I17: ='공종별내역서(총체)'!J355 -> 0 | J17: =I17*D17 -> 0 | K17: =E17+G17+I17 -> 0 | L17: =F17+H17+J17 -> 0 | N17: 0112 | Q17: 6 | R17: 2 | T17: =L17*1 -> 0
A18: 0113 작업부산물 | D18: 1 | E18: ='공종별내역서(총체)'!F377 -> 0 | F18: =E18*D18 -> 0 | G18: ='공종별내역서(총체)'!H377 -> 0 | H18: =G18*D18 -> 0 | I18: ='공종별내역서(총체)'!J377 -> 0 | J18: =I18*D18 -> 0 | K18: =E18+G18+I18 -> 0 | L18: =F18+H18+J18 -> 0 | N18: 0113 | Q18: 1 | R18: 2 | T18: =L18*1 -> 0
A19: 0114 사급자재비 | D19: 1 | E19: ='공종별내역서(총체)'!F399 -> 0 | F19: =E19*D19 -> 0 | G19: ='공종별내역서(총체)'!H399 -> 0 | H19: =G19*D19 -> 0 | I19: ='공종별내역서(총체)'!J399 -> 0 | J19: =I19*D19 -> 0 | K19: =E19+G19+I19 -> 0 | L19: =F19+H19+J19 -> 0 | N19: 0114 | Q19: 4 | R19: 2 | T19: =L19*1 -> 0
A25: [ 합 계 ] | F25: =F5 -> 0 | H25: =H5 -> 0 | J25: =J5 -> 0 | L25: =L5 -> 0

Sheet 공종별내역서(총체)
A1: [ 부산역 4층(부고열소) 내부개수 기타공사(총체) ]
A2: 품 명 | B2: 규 격 | C2: 단위 | D2: 수량 | E2: 재 료 비 | G2: 노 무 비 | I2: 경 비 | K2: 합 계 | M2: 비 고 | N2: 품목코드 | O2: 변수 | P2: 설정 | Q2: 공종코드 | R2: 일위 | S2: 단산 | T2: 자재 | U2: 손료적용 | V2: 손료저장 | W2: 적용율 | X2: JUK1 | Y2: JUK2 | Z2: JUK3 | AA2: JUK4 | AB2: JUK5 | AC2: JUK6 | AD2: JUK7 | AE2: JUK8 | AF2: JUK9 | AG2: JUK10 | AH2: JUK11 | AI2: JUK12 | AJ2: JUK13 | AK2: JUK14 | AL2: JUK15 | AM2: JUK16 | AN2: JUK17 | AO2: JUK18 | AP2: JUK19 | AQ2: JUK20 | AR2: 자재구분 | AS2: 공종구분 | AT2: 공종레벨 | AU2: 공종+자재 | AV2: 고유번호
E3: 단 가 | F3: 금 액 | G3: 단 가 | H3: 금 액 | I3: 단 가 | J3: 금 액 | K3: 단 가 | L3: 금 액
A4: 0101 가설공사 | Q4: 0101
A5: 콘테이너형 가설사무소 설치 및 해체 | B5: 3.0*6.0m, 3개월 | C5: 개소 | D5: 3 | E5: =TRUNC('일위대가목록(총체)'!E4,0) -> 0 | F5: =TRUNC(E5*D5, 0) -> 0 | G5: =TRUNC('일위대가목록(총체)'!F4,0) -> 0 | H5: =TRUNC(G5*D5, 0) -> 0 | I5: =TRUNC('일위대가목록(총체)'!G4,0) -> 0 | J5: =TRUNC(I5*D5, 0) -> 0 | K5: =TRUNC(E5+G5+I5, 0) -> 0 | L5: =TRUNC(F5+H5+J5, 0) -> 0 | N5: 528CE206FA04C98EB34FCA3743B093 | Q5: 0101 | R5: T | S5: F | T5: F | AU5: 0101528CE206FA04C98EB34FCA3743B093 | AV5: 3
A6: 콘테이너형 가설창고 설치 및 해체 | B6: 3.0*6.0m, 3개월 | C6: 개소 | D6: 1 | E6: =TRUNC('일위대가목록(총체)'!E5,0) -> 0 | F6: =TRUNC(E6*D6, 0) -> 0 | G6: =TRUNC('일위대가목록(총체)'!F5,0) -> 0 | H6: =TRUNC(G6*D6, 0) -> 0 | I6: =TRUNC('일위대가목록(총체)'!G5,0) -> 0 | J6: =TRUNC(I6*D6, 0) -> 0 | K6: =TRUNC(E6+G6+I6, 0) -> 0 | L6: =TRUNC(F6+H6+J6, 0) -> 0 | N6: 528CE206FA04F95DAB2BC23B235ECF | Q6: 0101 | R6: T | S6: F | T6: F | AU6: 0101528CE206FA04F95DAB2BC23B235ECF | AV6: 4
A7: 건축물 현장정리 | B7: 목조, 철골조, 조적조 | C7: M2 | D7: 245 | E7: =TRUNC('일위대가목록(총체)'!E6,0) -> 0 | F7: =TRUNC(E7*D7, 0) -> 0 | G7: =TRUNC('일위대가목록(총체)'!F6,0) -> 0 | H7: =TRUNC(G7*D7, 0) -> 0 | I7: =TRUNC('일위대가목록(총체)'!G6,0) -> 0 | J7: =TRUNC(I7*D7, 0) -> 0 | K7: =TRUNC(E7+G7+I7, 0) -> 0 | L7: =TRUNC(F7+H7+J7, 0) -> 0 | N7: 528CE20691B3B972B985053583A21F | Q7: 0101 | R7: T | S7: F | T7: F | AU7: 0101528CE20691B3B972B985053583A21F | AV7: 5
A8: 강관 조립말비계(이동식)설치 및 해체 | B8: 높이 4m, 3개월 | C8: 대 | D8: 2 | E8: =TRUNC('일위대가목록(총체)'!E7,0) -> 0 | F8: =TRUNC(E8*D8, 0) -> 0 | G8: =TRUNC('일위대가목록(총체)'!F7,0) -> 0 | H8: =TRUNC(G8*D8, 0) -> 0 | I8: =TRUNC('일위대가목록(총체)'!G7,0) -> 0 | J8: =TRUNC(I8*D8, 0) -> 0 | K8: =TRUNC(E8+G8+I8, 0) -> 0 | L8: =TRUNC(F8+H8+J8, 0) -> 0 | N8: 528CE206CEDAC9860073CE3B53545E | Q8: 0101 | R8: T | S8: F | T8: F | AU8: 0101528CE206CEDAC9860073CE3B53545E | AV8: 6
A9: 시스템비계 설치 및 해체 | B9: 10m 이하 | C9: M2 | D9: 336 | E9: =TRUNC('일위대가목록(총체)'!E8,0) -> 0 | F9: =TRUNC(E9*D9, 0) -> 0 | G9: =TRUNC('일위대가목록(총체)'!F8,0) -> 0 | H9: =TRUNC(G9*D9, 0) -> 0 | I9: =TRUNC('일위대가목록(총체)'!G8,0) -> 0 | J9: =TRUNC(I9*D9, 0) -> 0 | K9: =TRUNC(E9+G9+I9, 0) -> 0 | L9: =TRUNC(F9+H9+J9, 0) -> 0 | N9: 528CE206CEDAC98602247D3B532581 | Q9: 0101 | R9: T | S9: F | T9: F | AU9: 0101528CE206CEDAC98602247D3B532581 | AV9: 7
A10: RPP가설울타리판 설치 | B10: 설치높이 6m 이하 | C10: M | D10: 145 | E10: =TRUNC('일위대가목록(총체)'!E9,0) -> 0 | F10: =TRUNC(E10*D10, 0) -> 0 | G10: =TRUNC('일위대가목록(총체)'!F9,0) -> 0 | H10: =TRUNC(G10*D10, 0) -> 0 | I10: =TRUNC('일위대가목록(총체)'!G9,0) -> 0 | J10: =TRUNC(I10*D10, 0) -> 0 | K10: =TRUNC(E10+G10+I10, 0) -> 0 | L10: =TRUNC(F10+H10+J10, 0) -> 0 | N10: 528CE206CEF5C913FD184B3B537AB61C | Q10: 0101 | R10: T | S10: F | T10: F | AU10: 0101528CE206CEF5C913FD184B3B537AB61C | AV10: 100
A11: RPP 가설흡음형 방음판 | B11: H-667*40T | C11: ㎡ | D11: 593 | E11: =TRUNC('단가대비표(총체)'!O35,0) -> 0 | F11: =TRUNC(E11*D11, 0) -> 0 | G11: =TRUNC('단가대비표(총체)'!P35,0) -> 0 | H11: =TRUNC(G11*D11, 0) -> 0 | I11: =TRUNC('단가대비표(총체)'!V35,0) -> 0 | J11: =TRUNC(I11*D11, 0) -> 0 | K11: =TRUNC(E11+G11+I11, 0) -> 0 | L11: =TRUNC(F11+H11+J11, 0) -> 0 | N11: 55A91276F33FC9B81C1B63395392CE628CD7387C | Q11: 0101 | R11: F | S11: F | T11: T | AU11: 010155A91276F33FC9B81C1B63395392CE628CD7387C | AV11: 102
A12: RPP가설울타리판 해체 | B12: 설치높이 6m 이하 | C12: M | D12: 145 | E12: =TRUNC('일위대가목록(총체)'!E10,0) -> 0 | F12: =TRUNC(E12*D12, 0) -> 0 | G12: =TRUNC('일위대가목록(총체)'!F10,0) -> 0 | H12: =TRUNC(G12*D12, 0) -> 0 | I12: =TRUNC('일위대가목록(총체)'!G10,0) -> 0 | J12: =TRUNC(I12*D12, 0) -> 0 | K12: =TRUNC(E12+G12+I12, 0) -> 0 | L12: =TRUNC(F12+H12+J12, 0) -> 0 | N12: 528CE206CEF5C913FD184B3B537B5CE1 | Q12: 0101 | R12: T | S12: F | T12: F | AU12: 0101528CE206CEF5C913FD184B3B537B5CE1 | AV12: 101
A25: [ 합 계 ] | F25: =SUM(F5:F24) -> 0 | H25: =SUM(H5:H24) -> 0 | J25: =SUM(J5:J24) -> 0 | L25: =SUM(L5:L24) -> 0 | N25: TOTAL
A26: 0102 조적공사 및 미장공사 | Q26: 0102
A27: 1.0B 벽돌쌓기 | B27: 3.6m 초과 | C27: M2 | D27: 228 | E27: =TRUNC('일위대가목록(총체)'!E11,0) -> 0 | F27: =TRUNC(E27*D27, 0) -> 0 | G27: =TRUNC('일위대가목록(총체)'!F11,0) -> 0 | H27: =TRUNC(G27*D27, 0) -> 0 | I27: =TRUNC('일위대가목록(총체)'!G11,0) -> 0 | J27: =TRUNC(I27*D27, 0) -> 0 | K27: =TRUNC(E27+G27+I27, 0) -> 0 | L27: =TRUNC(F27+H27+J27, 0) -> 0 | N27: 528C9286A920C9AA1212993083EF9B | Q27: 0102 | R27: T | S27: F | T27: F | AU27: 0102528C9286A920C9AA1212993083EF9B | AV27: 10
A28: 콘크리트벽돌 | B28: 콘크리트벽돌, 190*57*90mm, 부산, C종2급 | C28: 매 | D28: 34689 | E28: =TRUNC('단가대비표(총체)'!O36,0) -> 0 | F28: =TRUNC(E28*D28, 0) -> 0 | G28: =TRUNC('단가대비표(총체)'!P36,0) -> 0 | H28: =TRUNC(G28*D28, 0) -> 0 | I28: =TRUNC('단가대비표(총체)'!V36,0) -> 0 | J28: =TRUNC(I28*D28, 0) -> 0 | K28: =TRUNC(E28+G28+I28, 0) -> 0 | L28: =TRUNC(F28+H28+J28, 0) -> 0 | N28: 55A91276F32D69BA3EC34E3DC3FEFBFD509264 | Q28: 0102 | R28: F | S28: F | T28: T | AU28: 010255A91276F32D69BA3EC34E3DC3FEFBFD509264 | AV28: 11
A29: 벽돌운반 | B29: 인력, 4층 | C29: 천매 | D29: 35.441 | E29: =TRUNC('일위대가목록(총체)'!E12,0) -> 0 | F29: =TRUNC(E29*D29, 0) -> 0 | G29: =TRUNC('일위대가목록(총체)'!F12,0) -> 0 | H29: =TRUNC(G29*D29, 0) -> 0 | I29: =TRUNC('일위대가목록(총체)'!G12,0) -> 0 | J29: =TRUNC(I29*D29, 0) -> 0 | K29: =TRUNC(E29+G29+I29, 0) -> 0 | L29: =TRUNC(F29+H29+J29, 0) -> 0 | N29: 528C9286A90419EA3F99A93D539B80 | Q29: 0102 | R29: T | S29: F | T29: F | AU29: 0102528C9286A90419EA3F99A93D539B80 | AV29: 12
A30: 모르타르 바름 | B30: 내벽, 18mm, 3.6m 초과 | C30: M2 | D30: 451 | E30: =TRUNC('일위대가목록(총체)'!E13,0) -> 0 | F30: =TRUNC(E30*D30, 0) -> 0 | G30: =TRUNC('일위대가목록(총체)'!F13,0) -> 0 | H30: =TRUNC(G30*D30, 0) -> 0 | I30: =TRUNC('일위대가목록(총체)'!G13,0) -> 0 | J30: =TRUNC(I30*D30, 0) -> 0 | K30: =TRUNC(E30+G30+I30, 0) -> 0 | L30: =TRUNC(F30+H30+J30, 0) -> 0 | N30: 528C82A6506BD9409745C83ED332CF | Q30: 0102 | R30: T | S30: F | T30: F | AU30: 0102528C82A6506BD9409745C83ED332CF | AV30: 13
A31: 구배모르타르 바름 | B31: 바닥, 24mm | C31: M2 | D31: 54 | E31: =TRUNC('일위대가목록(총체)'!E14,0) -> 0 | F31: =TRUNC(E31*D31, 0) -> 0 | G31: =TRUNC('일위대가목록(총체)'!F14,0) -> 0 | H31: =TRUNC(G31*D31, 0) -> 0 | I31: =TRUNC('일위대가목록(총체)'!G14,0) -> 0 | J31: =TRUNC(I31*D31, 0) -> 0 | K31: =TRUNC(E31+G31+I31, 0) -> 0 | L31: =TRUNC(F31+H31+J31, 0) -> 0 | N31: 528C82A6506BF97316C7B53683AF23E0 | Q31: 0102 | R31: T | S31: F | T31: F | AU31: 0102528C82A6506BF97316C7B53683AF23E0 | AV31: 14
A32: 모르타르 바름 | B32: 바닥, 30mm | C32: M2 | D32: 40 | E32: =TRUNC('일위대가목록(총체)'!E15,0) -> 0 | F32: =TRUNC(E32*D32, 0) -> 0 | G32: =TRUNC('일위대가목록(총체)'!F15,0) -> 0 | H32: =TRUNC(G32*D32, 0) -> 0 | I32: =TRUNC('일위대가목록(총체)'!G15,0) -> 0 | J32: =TRUNC(I32*D32, 0) -> 0 | K32: =TRUNC(E32+G32+I32, 0) -> 0 | L32: =TRUNC(F32+H32+J32, 0) -> 0 | N32: 528C82A6506BF97316C7B53693B2BA | Q32: 0102 | R32: T | S32: F | T32: F | AU32: 0102528C82A6506BF97316C7B53693B2BA | AV32: 15
A33: 자동 수평 모르타르 바름 | B33: 바닥 10T | C33: M2 | D33: 662 | E33: =TRUNC('일위대가목록(총체)'!E16,0) -> 0 | F33: =TRUNC(E33*D33, 0) -> 0 | G33: =TRUNC('일위대가목록(총체)'!F16,0) -> 0 | H33: =TRUNC(G33*D33, 0) -> 0 | I33: =TRUNC('일위대가목록(총체)'!G16,0) -> 0 | J33: =TRUNC(I33*D33, 0) -> 0 | K33: =TRUNC(E33+G33+I33, 0) -> 0 | L33: =TRUNC(F33+H33+J33, 0) -> 0 | N33: 528C82A6506BF908FCCB2A3A031E5119 | Q33: 0102 | R33: T | S33: F | T33: F | AU33: 0102528C82A6506BF908FCCB2A3A031E5119 | AV33: 16
A47: [ 합 계 ] | F47: =SUM(F27:F46) -> 0 | H47: =SUM(H27:H46) -> 0 | J47: =SUM(J27:J46) -> 0 | L47: =SUM(L27:L46) -> 0 | N47: TOTAL
A48: 0103 타일공사 및 방수공사 | Q48: 0103
A49: 타일 떠붙이기(바탕 24mm) | B49: 벽, 0.11∼0.20 이하, 백색줄눈 | C49: M2 | D49: 141 | E49: =TRUNC('일위대가목록(총체)'!E17,0) -> 0 | F49: =TRUNC(E49*D49, 0) -> 0 | G49: =TRUNC('일위대가목록(총체)'!F17,0) -> 0 | H49: =TRUNC(G49*D49, 0) -> 0 | I49: =TRUNC('일위대가목록(총체)'!G17,0) -> 0 | J49: =TRUNC(I49*D49, 0) -> 0 | K49: =TRUNC(E49+G49+I49, 0) -> 0 | L49: =TRUNC(F49+H49+J49, 0) -> 0 | N49: 528C2236DDB5A9868959173153EBC0 | Q49: 0103 | R49: T | S49: F | T49: F | AU49: 0103528C2236DDB5A9868959173153EBC0 | AV49: 18
A50: 타일 압착 붙이기(바탕 12mm+압 5mm) | B50: 바닥, 300*300(타일C, 백색줄눈) | C50: M2 | D50: 57 | E50: =TRUNC('일위대가목록(총체)'!E18,0) -> 0 | F50: =TRUNC(E50*D50, 0) -> 0 | G50: =TRUNC('일위대가목록(총체)'!F18,0) -> 0 | H50: =TRUNC(G50*D50, 0) -> 0 | I50: =TRUNC('일위대가목록(총체)'!G18,0) -> 0 | J50: =TRUNC(I50*D50, 0) -> 0 | K50: =TRUNC(E50+G50+I50, 0) -> 0 | L50: =TRUNC(F50+H50+J50, 0) -> 0 | N50: 528C2236DD9AF9FF62219F3BB320A3 | Q50: 0103 | R50: T | S50: F | T50: F | AU50: 0103528C2236DD9AF9FF62219F3BB320A3 | AV50: 19
A51: 화강석 두겁돌(습식, 물갈기) | B51: 창대, 마천석 120*30mm, 모르타르 30mm | C51: M | D51: 9 | E51: =TRUNC('일위대가목록(총체)'!E19,0) -> 0 | F51: =TRUNC(E51*D51, 0) -> 0 | G51: =TRUNC('일위대가목록(총체)'!F19,0) -> 0 | H51: =TRUNC(G51*D51, 0) -> 0 | I51: =TRUNC('일위대가목록(총체)'!G19,0) -> 0 | J51: =TRUNC(I51*D51, 0) -> 0 | K51: =TRUNC(E51+G51+I51, 0) -> 0 | L51: =TRUNC(F51+H51+J51, 0) -> 0 | N51: 528C2236EE62B987D089DD3563E2B14D | Q51: 0103 | R51: T | S51: F | T51: F | AU51: 0103528C2236EE62B987D089DD3563E2B14D | AV51: 40
A52: 도기질타일 | B52: 도기질타일, 일반색, 300*600*10mm | C52: M2 | D52: 146 | E52: =TRUNC('단가대비표(총체)'!O38,0) -> 0 | F52: =TRUNC(E52*D52, 0) -> 0 | G52: =TRUNC('단가대비표(총체)'!P38,0) -> 0 | H52: =TRUNC(G52*D52, 0) -> 0 | I52: =TRUNC('단가대비표(총체)'!V38,0) -> 0 | J52: =TRUNC(I52*D52, 0) -> 0 | K52: =TRUNC(E52+G52+I52, 0) -> 0 | L52: =TRUNC(F52+H52+J52, 0) -> 0 | N52: 55A91276F32D69BBC555DF33D3A2DB45AA928F | Q52: 0103 | R52: F | S52: F | T52: T | AU52: 010355A91276F32D69BBC555DF33D3A2DB45AA928F | AV52: 20
A53: 자기질타일 | B53: 자기질타일, 시유, 300*300*8mm | C53: M2 | D53: 59 | E53: =TRUNC('단가대비표(총체)'!O39,0) -> 0 | F53: =TRUNC(E53*D53, 0) -> 0 | G53: =TRUNC('단가대비표(총체)'!P39,0) -> 0 | H53: =TRUNC(G53*D53, 0) -> 0 | I53: =TRUNC('단가대비표(총체)'!V39,0) -> 0 | J53: =TRUNC(I53*D53, 0) -> 0 | K53: =TRUNC(E53+G53+I53, 0) -> 0 | L53: =TRUNC(F53+H53+J53, 0) -> 0 | N53: 55A91276F32D69BBC555DF33F35D08EE3EEC56 | Q53: 0103 | R53: F | S53: F | T53: T | AU53: 010355A91276F32D69BBC555DF33F35D08EE3EEC56 | AV53: 21
A54: 수용성 고무화 아스팔트방수 | B54: 바닥, 비노출 | C54: M2 | D54: 54 | E54: =TRUNC('일위대가목록(총체)'!E20,0) -> 0 | F54: =TRUNC(E54*D54, 0) -> 0 | G54: =TRUNC('일위대가목록(총체)'!F20,0) -> 0 | H54: =TRUNC(G54*D54, 0) -> 0 | I54: =TRUNC('일위대가목록(총체)'!G20,0) -> 0 | J54: =TRUNC(I54*D54, 0) -> 0 | K54: =TRUNC(E54+G54+I54, 0) -> 0 | L54: =TRUNC(F54+H54+J54, 0) -> 0 | N54: 528C72B6D26AD9C653490E35E304BB | Q54: 0103 | R54: T | S54: F | T54: F | AU54: 0103528C72B6D26AD9C653490E35E304BB | AV54: 22
A55: 수용성 고무화 아스팔트방수 | B55: 벽, 비노출 | C55: M2 | D55: 14 | E55: =TRUNC('일위대가목록(총체)'!E21,0) -> 0 | F55: =TRUNC(E55*D55, 0) -> 0 | G55: =TRUNC('일위대가목록(총체)'!F21,0) -> 0 | H55: =TRUNC(G55*D55, 0) -> 0 | I55: =TRUNC('일위대가목록(총체)'!G21,0) -> 0 | J55: =TRUNC(I55*D55, 0) -> 0 | K55: =TRUNC(E55+G55+I55, 0) -> 0 | L55: =TRUNC(F55+H55+J55, 0) -> 0 | N55: 528C72B6D26AD9C653490E35E304BA | Q55: 0103 | R55: T | S55: F | T55: F | AU55: 0103528C72B6D26AD9C653490E35E304BA | AV55: 23
A56: 시멘트 액체방수 바름 | B56: 바닥 | C56: M2 | D56: 54 | E56: =TRUNC('일위대가목록(총체)'!E22,0) -> 0 | F56: =TRUNC(E56*D56, 0) -> 0 | G56: =TRUNC('일위대가목록(총체)'!F22,0) -> 0 | H56: =TRUNC(G56*D56, 0) -> 0 | I56: =TRUNC('일위대가목록(총체)'!G22,0) -> 0 | J56: =TRUNC(I56*D56, 0) -> 0 | K56: =TRUNC(E56+G56+I56, 0) -> 0 | L56: =TRUNC(F56+H56+J56, 0) -> 0 | N56: 528C72B679E069B4976E273913F293 | Q56: 0103 | R56: T | S56: F | T56: F | AU56: 0103528C72B679E069B4976E273913F293 | AV56: 24
A57: 시멘트 액체방수 바름 | B57: 벽 | C57: M2 | D57: 127 | E57: =TRUNC('일위대가목록(총체)'!E23,0) -> 0 | F57: =TRUNC(E57*D57, 0) -> 0 | G57: =TRUNC('일위대가목록(총체)'!F23,0) -> 0 | H57: =TRUNC(G57*D57, 0) -> 0 | I57: =TRUNC('일위대가목록(총체)'!G23,0) -> 0 | J57: =TRUNC(I57*D57, 0) -> 0 | K57: =TRUNC(E57+G57+I57, 0) -> 0 | L57: =TRUNC(F57+H57+J57, 0) -> 0 | N57: 528C72B679E069B4976E273913F2935C | Q57: 0103 | R57: T | S57: F | T57: F | AU57: 0103528C72B679E069B4976E273913F2935C | AV57: 26
A69: [ 합 계 ] | F69: =SUM(F49:F68) -> 0 | H69: =SUM(H49:H68) -> 0 | J69: =SUM(J49:J68) -> 0 | L69: =SUM(L49:L68) -> 0 | N69: TOTAL
A70: 0104 목공사 및 수장공사 | Q70: 0104
A71: 마루틀 설치 | B71: 45*45, @450 | C71: M2 | D71: 77 | E71: =TRUNC('일위대가목록(총체)'!E24,0) -> 0 | F71: =TRUNC(E71*D71, 0) -> 0 | G71: =TRUNC('일위대가목록(총체)'!F24,0) -> 0 | H71: =TRUNC(G71*D71, 0) -> 0 | I71: =TRUNC('일위대가목록(총체)'!G24,0) -> 0 | J71: =TRUNC(I71*D71, 0) -> 0 | K71: =TRUNC(E71+G71+I71, 0) -> 0 | L71: =TRUNC(F71+H71+J71, 0) -> 0 | N71: 528C625664E5499988B0D5373338BE | Q71: 0104 | R71: T | S71: F | T71: F | AU71: 0104528C625664E5499988B0D5373338BE | AV71: 30
A72: 마루틀 설치 | B72: 90*90, @900 | C72: M2 | D72: 77 | E72: =TRUNC('일위대가목록(총체)'!E25,0) -> 0 | F72: =TRUNC(E72*D72, 0) -> 0 | G72: =TRUNC('일위대가목록(총체)'!F25,0) -> 0 | H72: =TRUNC(G72*D72, 0) -> 0 | I72: =TRUNC('일위대가목록(총체)'!G25,0) -> 0 | J72: =TRUNC(I72*D72, 0) -> 0 | K72: =TRUNC(E72+G72+I72, 0) -> 0 | L72: =TRUNC(F72+H72+J72, 0) -> 0 | N72: 528C625664E5499988B1F23193C65A | Q72: 0104 | R72: T | S72: F | T72: F | AU72: 0104528C625664E5499988B1F23193C65A | AV72: 31
A73: 마루귀틀 설치 | C73: M | D73: 24 | E73: =TRUNC('일위대가목록(총체)'!E26,0) -> 0 | F73: =TRUNC(E73*D73, 0) -> 0 | G73: =TRUNC('일위대가목록(총체)'!F26,0) -> 0 | H73: =TRUNC(G73*D73, 0) -> 0 | I73: =TRUNC('일위대가목록(총체)'!G26,0) -> 0 | J73: =TRUNC(I73*D73, 0) -> 0 | K73: =TRUNC(E73+G73+I73, 0) -> 0 | L73: =TRUNC(F73+H73+J73, 0) -> 0 | N73: 528C02E65E7E892056AF3039C38A37 | Q73: 0104 | R73: T | S73: F | T73: F | AU73: 0104528C02E65E7E892056AF3039C38A37 | AV73: 35
A74: 합판 2겹 깔기 | B74: 바닥, 12㎜ 내수합판 2겹 | C74: M2 | D74: 115 | E74: =TRUNC('일위대가목록(총체)'!E27,0) -> 0 | F74: =TRUNC(E74*D74, 0) -> 0 | G74: =TRUNC('일위대가목록(총체)'!F27,0) -> 0 | H74: =TRUNC(G74*D74, 0) -> 0 | I74: =TRUNC('일위대가목록(총체)'!G27,0) -> 0 | J74: =TRUNC(I74*D74, 0) -> 0 | K74: =TRUNC(E74+G74+I74, 0) -> 0 | L74: =TRUNC(F74+H74+J74, 0) -> 0 | N74: 528C02E6D3D839CDDF2BA4376372FDC4 | Q74: 0104 | R74: T | S74: F | T74: F | AU74: 0104528C02E6D3D839CDDF2BA4376372FDC4 | AV74: 32
A75: 보통합판 | B75: 보통합판, 1급, 12*1220*2440mm | C75: M2 | D75: 285 | E75: =TRUNC('단가대비표(총체)'!O8,0) -> 0 | F75: =TRUNC(E75*D75, 0) -> 0 | G75: =TRUNC('단가대비표(총체)'!P8,0) -> 0 | H75: =TRUNC(G75*D75, 0) -> 0 | I75: =TRUNC('단가대비표(총체)'!V8,0) -> 0 | J75: =TRUNC(I75*D75, 0) -> 0 | K75: =TRUNC(E75+G75+I75, 0) -> 0 | L75: =TRUNC(F75+H75+J75, 0) -> 0 | N75: 558E22F6D24E09A5E3A74F32A391CBF022DCF4 | Q75: 0104 | R75: F | S75: F | T75: T | AU75: 0104558E22F6D24E09A5E3A74F32A391CBF022DCF4 | AV75: 218
A76: 합판 2겹 깔기 | B76: 바닥, 15㎜ 내수합판 2겹 | C76: M2 | D76: 23 | E76: =TRUNC('일위대가목록(총체)'!E28,0) -> 0 | F76: =TRUNC(E76*D76, 0) -> 0 | G76: =TRUNC('일위대가목록(총체)'!F28,0) -> 0 | H76: =TRUNC(G76*D76, 0) -> 0 | I76: =TRUNC('일위대가목록(총체)'!G28,0) -> 0 | J76: =TRUNC(I76*D76, 0) -> 0 | K76: =TRUNC(E76+G76+I76, 0) -> 0 | L76: =TRUNC(F76+H76+J76, 0) -> 0 | N76: 528C02E6D3D839CDDF2BA4376372FDC7 | Q76: 0104 | R76: T | S76: F | T76: F | AU76: 0104528C02E6D3D839CDDF2BA4376372FDC7 | AV76: 33
A77: 보통합판 | B77: 보통합판, 1급, 15*1220*2440mm | C77: M2 | D77: 24 | E77: =TRUNC('단가대비표(총체)'!O9,0) -> 0 | F77: =TRUNC(E77*D77, 0) -> 0 | G77: =TRUNC('단가대비표(총체)'!P9,0) -> 0 | H77: =TRUNC(G77*D77, 0) -> 0 | I77: =TRUNC('단가대비표(총체)'!V9,0) -> 0 | J77: =TRUNC(I77*D77, 0) -> 0 | K77: =TRUNC(E77+G77+I77, 0) -> 0 | L77: =TRUNC(F77+H77+J77, 0) -> 0 | N77: 558E22F6D24E09A5E3A74F32A391CBF022DCFA | Q77: 0104 | R77: F | S77: F | T77: T | AU77: 0104558E22F6D24E09A5E3A74F32A391CBF022DCFA | AV77: 219
A78: 벽, T15 목모흡음보드 붙임 | B78: T15, 국내산 | C78: M2 | D78: 70 | E78: =TRUNC('일위대가목록(총체)'!E29,0) -> 0 | F78: =TRUNC(E78*D78, 0) -> 0 | G78: =TRUNC('일위대가목록(총체)'!F29,0) -> 0 | H78: =TRUNC(G78*D78, 0) -> 0 | I78: =TRUNC('일위대가목록(총체)'!G29,0) -> 0 | J78: =TRUNC(I78*D78, 0) -> 0 | K78: =TRUNC(E78+G78+I78, 0) -> 0 | L78: =TRUNC(F78+H78+J78, 0) -> 0 | N78: 528C02E6D3D839CDDF2BA4376372FDC1 | Q78: 0104 | R78: T | S78: F | T78: F | AU78: 0104528C02E6D3D839CDDF2BA4376372FDC1 | AV78: 36
A79: T15 목모흡음보드 | B79: T15, 국내산 | C79: M2 | D79: 74 | E79: =TRUNC('단가대비표(총체)'!O10,0) -> 0 | F79: =TRUNC(E79*D79, 0) -> 0 | G79: =TRUNC('단가대비표(총체)'!P10,0) -> 0 | H79: =TRUNC(G79*D79, 0) -> 0 | I79: =TRUNC('단가대비표(총체)'!V10,0) -> 0 | J79: =TRUNC(I79*D79, 0) -> 0 | K79: =TRUNC(E79+G79+I79, 0) -> 0 | L79: =TRUNC(F79+H79+J79, 0) -> 0 | N79: 558E22F6D24E09A5E3A5823BD3E3DF31B6FEC7C2 | Q79: 0104 | R79: F | S79: F | T79: T | AU79: 0104558E22F6D24E09A5E3A5823BD3E3DF31B6FEC7C2 | AV79: 44
A80: 차은시트 붙임 | B80: 2T | C80: M2 | D80: 91 | E80: =TRUNC('일위대가목록(총체)'!E30,0) -> 0 | F80: =TRUNC(E80*D80, 0) -> 0 | G80: =TRUNC('일위대가목록(총체)'!F30,0) -> 0 | H80: =TRUNC(G80*D80, 0) -> 0 | I80: =TRUNC('일위대가목록(총체)'!G30,0) -> 0 | J80: =TRUNC(I80*D80, 0) -> 0 | K80: =TRUNC(E80+G80+I80, 0) -> 0 | L80: =TRUNC(F80+H80+J80, 0) -> 0 | N80: 528C02E6D3D839CDDF2BA4376372FDC0 | Q80: 0104 | R80: T | S80: F | T80: F | AU80: 0104528C02E6D3D839CDDF2BA4376372FDC0 | AV80: 37
A81: 백페인트글라스 붙이기 | B81: T8, 화이트보드, 제비스코 | C81: M2 | D81: 8 | E81: =TRUNC('일위대가목록(총체)'!E31,0) -> 0 | F81: =TRUNC(E81*D81, 0) -> 0 | G81: =TRUNC('일위대가목록(총체)'!F31,0) -> 0 | H81: =TRUNC(G81*D81, 0) -> 0 | I81: =TRUNC('일위대가목록(총체)'!G31,0) -> 0 | J81: =TRUNC(I81*D81, 0) -> 0 | K81: =TRUNC(E81+G81+I81, 0) -> 0 | L81: =TRUNC(F81+H81+J81, 0) -> 0 | N81: 528C3226AB96A98EFBAEF431D36B364C | Q81: 0104 | R81: T | S81: F | T81: F | AU81: 0104528C3226AB96A98EFBAEF431D36B364C | AV81: 39
A82: 단열재 깔기 | B82: 압출발포폴리스티렌단열재, 압출, 0.03, 100mm | C82: M2 | D82: 51 | E82: =TRUNC('일위대가목록(총체)'!E32,0) -> 0 | F82: =TRUNC(E82*D82, 0) -> 0 | G82: =TRUNC('일위대가목록(총체)'!F32,0) -> 0 | H82: =TRUNC(G82*D82, 0) -> 0 | I82: =TRUNC('일위대가목록(총체)'!G32,0) -> 0 | J82: =TRUNC(I82*D82, 0) -> 0 | K82: =TRUNC(E82+G82+I82, 0) -> 0 | L82: =TRUNC(F82+H82+J82, 0) -> 0 | N82: 528C02E6A64A09867EA349356391B0 | Q82: 0104 | R82: T | S82: F | T82: F | AU82: 0104528C02E6A64A09867EA349356391B0 | AV82: 38
A83: 압출발포폴리스티렌단열재 | B83: 압출발포폴리스티렌단열재, 압출, 0.03, 100mm | C83: M2 | D83: 57 | E83: =TRUNC('단가대비표(총체)'!O40,0) -> 0 | F83: =TRUNC(E83*D83, 0) -> 0 | G83: =TRUNC('단가대비표(총체)'!P40,0) -> 0 | H83: =TRUNC(G83*D83, 0) -> 0 | I83: =TRUNC('단가대비표(총체)'!V40,0) -> 0 | J83: =TRUNC(I83*D83, 0) -> 0 | K83: =TRUNC(E83+G83+I83, 0) -> 0 | L83: =TRUNC(F83+H83+J83, 0) -> 0 | N83: 55A91276F35AA91E20C6AA3EE3B9EDD91FCBA4 | Q83: 0104 | R83: F | S83: F | T83: T | AU83: 010455A91276F35AA91E20C6AA3EE3B9EDD91FCBA4 | AV83: 45
A84: 석고판 설치(나사고정) - 바탕용 | B84: 벽, 2겹 붙임 | C84: M2 | D84: 88 | E84: =TRUNC('일위대가목록(총체)'!E33,0) -> 0 | F84: =TRUNC(E84*D84, 0) -> 0 | G84: =TRUNC('일위대가목록(총체)'!F33,0) -> 0 | H84: =TRUNC(G84*D84, 0) -> 0 | I84: =TRUNC('일위대가목록(총체)'!G33,0) -> 0 | J84: =TRUNC(I84*D84, 0) -> 0 | K84: =TRUNC(E84+G84+I84, 0) -> 0 | L84: =TRUNC(F84+H84+J84, 0) -> 0 | N84: 528C02E6D3BD59526658B239C38B41 | Q84: 0104 | R84: T | S84: F | T84: F | AU84: 0104528C02E6D3BD59526658B239C38B41 | AV84: 46
A85: 석고판 설치(나사고정) - 바탕용 | B85: 천장, 1겹 붙임 | C85: M2 | D85: 69 | E85: =TRUNC('일위대가목록(총체)'!E34,0) -> 0 | F85: =TRUNC(E85*D85, 0) -> 0 | G85: =TRUNC('일위대가목록(총체)'!F34,0) -> 0 | H85: =TRUNC(G85*D85, 0) -> 0 | I85: =TRUNC('일위대가목록(총체)'!G34,0) -> 0 | J85: =TRUNC(I85*D85, 0) -> 0 | K85: =TRUNC(E85+G85+I85, 0) -> 0 | L85: =TRUNC(F85+H85+J85, 0) -> 0 | N85: 528C02E6D3BD59515F678133438DF2 | Q85: 0104 | R85: T | S85: F | T85: F | AU85: 0104528C02E6D3BD59515F678133438DF2 | AV85: 47
A86: 석고판 설치(나사고정) - 바탕용 | B86: 천장, 2겹 붙임 | C86: M2 | D86: 56 | E86: =TRUNC('일위대가목록(총체)'!E35,0) -> 0 | F86: =TRUNC(E86*D86, 0) -> 0 | G86: =TRUNC('일위대가목록(총체)'!F35,0) -> 0 | H86: =TRUNC(G86*D86, 0) -> 0 | I86: =TRUNC('일위대가목록(총체)'!G35,0) -> 0 | J86: =TRUNC(I86*D86, 0) -> 0 | K86: =TRUNC(E86+G86+I86, 0) -> 0 | L86: =TRUNC(F86+H86+J86, 0) -> 0 | N86: 528C02E6D3BD59515F678133438E98 | Q86: 0104 | R86: T | S86: F | T86: F | AU86: 0104528C02E6D3BD59515F678133438E98 | AV86: 48
A87: 드라이월 벽 설치(일반) | B87: 일반 9.5mm 양면 2겹 C-골조 125현 이하 | C87: ㎡ | D87: 788 | E87: =TRUNC('일위대가목록(총체)'!E36,0) -> 0 | F87: =TRUNC(E87*D87, 0) -> 0 | G87: =TRUNC('일위대가목록(총체)'!F36,0) -> 0 | H87: =TRUNC(G87*D87, 0) -> 0 | I87: =TRUNC('일위대가목록(총체)'!G36,0) -> 0 | J87: =TRUNC(I87*D87, 0) -> 0 | K87: =TRUNC(E87+G87+I87, 0) -> 0 | L87: =TRUNC(F87+H87+J87, 0) -> 0 | N87: 528C527674AE490248499A37A3BF37AC | Q87: 0104 | R87: T | S87: F | T87: F | AU87: 0104528C527674AE490248499A37A3BF37AC | AV87: 49
A88: 드라이월 벽 설치(방화) | B88: 방화 12.5mm 양면 2겹 C-골조 125현 이하 | C88: ㎡ | D88: 11 | E88: =TRUNC('일위대가목록(총체)'!E37,0) -> 0 | F88: =TRUNC(E88*D88, 0) -> 0 | G88: =TRUNC('일위대가목록(총체)'!F37,0) -> 0 | H88: =TRUNC(G88*D88, 0) -> 0 | I88: =TRUNC('일위대가목록(총체)'!G37,0) -> 0 | J88: =TRUNC(I88*D88, 0) -> 0 | K88: =TRUNC(E88+G88+I88, 0) -> 0 | L88: =TRUNC(F88+H88+J88, 0) -> 0 | N88: 528C527674AE490248499A37A3BF37AF | Q88: 0104 | R88: T | S88: F | T88: F | AU88: 0104528C527674AE490248499A37A3BF37AF | AV88: 50
A89: 단열재 격자넣기 - 벽 | B89: 그라스울 24K, 50T*450*1000 | C89: M2 | D89: 799 | E89: =TRUNC('일위대가목록(총체)'!E38,0) -> 0 | F89: =TRUNC(E89*D89, 0) -> 0 | G89: =TRUNC('일위대가목록(총체)'!F38,0) -> 0 | H89: =TRUNC(G89*D89, 0) -> 0 | I89: =TRUNC('일위대가목록(총체)'!G38,0) -> 0 | J89: =TRUNC(I89*D89, 0) -> 0 | K89: =TRUNC(E89+G89+I89, 0) -> 0 | L89: =TRUNC(F89+H89+J89, 0) -> 0 | N89: 528C02E6A677496478D8DC3033CD045C | Q89: 0104 | R89: T | S89: F | T89: F | AU89: 0104528C02E6A677496478D8DC3033CD045C | AV89: 51
A90: 석고보드 | B90: 석고보드, 평보드, 9.5*900*1800mm(㎡) | C90: M2 | D90: 3560 | E90: =TRUNC('단가대비표(총체)'!O52,0) -> 0 | F90: =TRUNC(E90*D90, 0) -> 0 | G90: =TRUNC('단가대비표(총체)'!P52,0) -> 0 | H90: =TRUNC(G90*D90, 0) -> 0 | I90: =TRUNC('단가대비표(총체)'!V52,0) -> 0 | J90: =TRUNC(I90*D90, 0) -> 0 | K90: =TRUNC(E90+G90+I90, 0) -> 0 | L90: =TRUNC(F90+H90+J90, 0) -> 0 | N90: 55A91276F3759998B51DDC3B5305E80C4E5820 | Q90: 0104 | R90: F | S90: F | T90: T | AU90: 010455A91276F3759998B51DDC3B5305E80C4E5820 | AV90: 52
A91: 석고보드 | B91: 석고보드, 평보드, 방화, 12.5*900*1800mm(㎡) | C91: M2 | D91: 47 | E91: =TRUNC('단가대비표(총체)'!O53,0) -> 0 | F91: =TRUNC(E91*D91, 0) -> 0 | G91: =TRUNC('단가대비표(총체)'!P53,0) -> 0 | H91: =TRUNC(G91*D91, 0) -> 0 | I91: =TRUNC('단가대비표(총체)'!V53,0) -> 0 | J91: =TRUNC(I91*D91, 0) -> 0 | K91: =TRUNC(E91+G91+I91, 0) -> 0 | L91: =TRUNC(F91+H91+J91, 0) -> 0 | N91: 55A91276F3759998B51DDF3093420D95E83DF8 | Q91: 0104 | R91: F | S91: F | T91: T | AU91: 010455A91276F3759998B51DDF3093420D95E83DF8 | AV91: 53
A92: 비닐타일 깔기 | B92: 비닐타일, 3*450*450mm, 데코타일 | C92: M2 | D92: 644 | E92: =TRUNC('일위대가목록(총체)'!E39,0) -> 0 | F92: =TRUNC(E92*D92, 0) -> 0 | G92: =TRUNC('일위대가목록(총체)'!F39,0) -> 0 | H92: =TRUNC(G92*D92, 0) -> 0 | I92: =TRUNC('일위대가목록(총체)'!G39,0) -> 0 | J92: =TRUNC(I92*D92, 0) -> 0 | K92: =TRUNC(E92+G92+I92, 0) -> 0 | L92: =TRUNC(F92+H92+J92, 0) -> 0 | N92: 528C02E6FE7409FF40712B3103D588 | Q92: 0104 | R92: T | S92: F | T92: F | AU92: 0104528C02E6FE7409FF40712B3103D588 | AV92: 54
A93: 비닐타일 | B93: 비닐타일, 3*450*450mm, 데코타일 | C93: M2 | D93: 676 | E93: =TRUNC('단가대비표(총체)'!O71,0) -> 0 | F93: =TRUNC(E93*D93, 0) -> 0 | G93: =TRUNC('단가대비표(총체)'!P71,0) -> 0 | H93: =TRUNC(G93*D93, 0) -> 0 | I93: =TRUNC('단가대비표(총체)'!V71,0) -> 0 | J93: =TRUNC(I93*D93, 0) -> 0 | K93: =TRUNC(E93+G93+I93, 0) -> 0 | L93: =TRUNC(F93+H93+J93, 0) -> 0 | N93: 55A91276F375999A6388283F033E1C22582354 | Q93: 0104 | R93: F | S93: F | T93: T | AU93: 010455A91276F375999A6388283F033E1C22582354 | AV93: 56
A94: 비닐시트 깔기 - 전면접합 | B94: 비닐시트, 2.0mm, 모노륨 | C94: M2 | D94: 104 | E94: =TRUNC('일위대가목록(총체)'!E40,0) -> 0 | F94: =TRUNC(E94*D94, 0) -> 0 | G94: =TRUNC('일위대가목록(총체)'!F40,0) -> 0 | H94: =TRUNC(G94*D94, 0) -> 0 | I94: =TRUNC('일위대가목록(총체)'!G40,0) -> 0 | J94: =TRUNC(I94*D94, 0) -> 0 | K94: =TRUNC(E94+G94+I94, 0) -> 0 | L94: =TRUNC(F94+H94+J94, 0) -> 0 | N94: 528C02E6FE7409FEBC732B3DF33866 | Q94: 0104 | R94: T | S94: F | T94: F | AU94: 0104528C02E6FE7409FEBC732B3DF33866 | AV94: 55
A95: 비닐시트 | B95: 비닐시트, 2.0mm, 모노륨 | C95: M2 | D95: 111 | E95: =TRUNC('단가대비표(총체)'!O72,0) -> 0 | F95: =TRUNC(E95*D95, 0) -> 0 | G95: =TRUNC('단가대비표(총체)'!P72,0) -> 0 | H95: =TRUNC(G95*D95, 0) -> 0 | I95: =TRUNC('단가대비표(총체)'!V72,0) -> 0 | J95: =TRUNC(I95*D95, 0) -> 0 | K95: =TRUNC(E95+G95+I95, 0) -> 0 | L95: =TRUNC(F95+H95+J95, 0) -> 0 | M95: LG 명품기준 | N95: 55A91276F375999A6388283F033E1C27D2E997 | Q95: 0104 | R95: F | S95: F | T95: T | AU95: 010455A91276F375999A6388283F033E1C27D2E997 | AV95: 57
A96: 흡음텍스 설치 | B96: 천정, THK9.5 석고계 텍스 | C96: M2 | D96: 704 | E96: =TRUNC('일위대가목록(총체)'!E41,0) -> 0 | F96: =TRUNC(E96*D96, 0) -> 0 | G96: =TRUNC('일위대가목록(총체)'!F41,0) -> 0 | H96: =TRUNC(G96*D96, 0) -> 0 | I96: =TRUNC('일위대가목록(총체)'!G41,0) -> 0 | J96: =TRUNC(I96*D96, 0) -> 0 | K96: =TRUNC(E96+G96+I96, 0) -> 0 | L96: =TRUNC(F96+H96+J96, 0) -> 0 | N96: 528C02E6D38029DD72367231A34EAF | Q96: 0104 | R96: T | S96: F | T96: F | AU96: 0104528C02E6D38029DD72367231A34EAF | AV96: 58
A97: 흡음텍스 설치 | B97: 천정, THK12 마이톤(타카형) | C97: M2 | D97: 69 | E97: =TRUNC('일위대가목록(총체)'!E42,0) -> 0 | F97: =TRUNC(E97*D97, 0) -> 0 | G97: =TRUNC('일위대가목록(총체)'!F42,0) -> 0 | H97: =TRUNC(G97*D97, 0) -> 0 | I97: =TRUNC('일위대가목록(총체)'!G42,0) -> 0 | J97: =TRUNC(I97*D97, 0) -> 0 | K97: =TRUNC(E97+G97+I97, 0) -> 0 | L97: =TRUNC(F97+H97+J97, 0) -> 0 | N97: 528C02E6D38029DD72367231A34EAFD6 | Q97: 0104 | R97: T | S97: F | T97: F | AU97: 0104528C02E6D38029DD72367231A34EAFD6 | AV97: 103
A98: 불연천장재 | B98: 불연천장재, 집텍스, 9.5*300*600mm | C98: M2 | D98: 739 | E98: =TRUNC('단가대비표(총체)'!O56,0) -> 0 | F98: =TRUNC(E98*D98, 0) -> 0 | G98: =TRUNC('단가대비표(총체)'!P56,0) -> 0 | H98: =TRUNC(G98*D98, 0) -> 0 | I98: =TRUNC('단가대비표(총체)'!V56,0) -> 0 | J98: =TRUNC(I98*D98, 0) -> 0 | K98: =TRUNC(E98+G98+I98, 0) -> 0 | L98: =TRUNC(F98+H98+J98, 0) -> 0 | N98: 55A91276F375999B0A7826327347F55840907F | Q98: 0104 | R98: F | S98: F | T98: T | AU98: 010455A91276F375999B0A7826327347F55840907F | AV98: 59
A99: 불연천장재 | B99: 불연천장재, 마이톤, M-Bar용, 12*300*600mm | C99: M2 | D99: 73 | E99: =TRUNC('단가대비표(총체)'!O54,0) -> 0 | F99: =TRUNC(E99*D99, 0) -> 0 | G99: =TRUNC('단가대비표(총체)'!P54,0) -> 0 | H99: =TRUNC(G99*D99, 0) -> 0 | I99: =TRUNC('단가대비표(총체)'!V54,0) -> 0 | J99: =TRUNC(I99*D99, 0) -> 0 | K99: =TRUNC(E99+G99+I99, 0) -> 0 | L99: =TRUNC(F99+H99+J99, 0) -> 0 | N99: 55A91276F375999B0A78263263A960B9BA6BCD | Q99: 0104 | R99: F | S99: F | T99: T | AU99: 010455A91276F375999B0A78263263A960B9BA6BCD | AV99: 60
A100: 열경화성수지천장재 | B100: 열경화성수지천장재(난연3급), SMC, 1.2*600*600mm | C100: M2 | D100: 57 | E100: =TRUNC('단가대비표(총체)'!O55,0) -> 0 | F100: =TRUNC(E100*D100, 0) -> 0 | G100: =TRUNC('단가대비표(총체)'!P55,0) -> 0 | H100: =TRUNC(G100*D100, 0) -> 0 | I100: =TRUNC('단가대비표(총체)'!V55,0) -> 0 | J100: =TRUNC(I100*D100, 0) -> 0 | K100: =TRUNC(E100+G100+I100, 0) -> 0 | L100: =TRUNC(F100+H100+J100, 0) -> 0 | N100: 55A91276F375999B0A78263263A960B9BB73DC | Q100: 0104 | R100: F | S100: F | T100: T | AU100: 010455A91276F375999B0A78263263A960B9BB73DC | AV100: 61
A101: 걸레받이 설치 | B101: 중밀도섬유판, H=75~120mm 기준 | C101: M | D101: 78 | E101: =TRUNC('일위대가목록(총체)'!E43,0) -> 0 | F101: =TRUNC(E101*D101, 0) -> 0 | G101: =TRUNC('일위대가목록(총체)'!F43,0) -> 0 | H101: =TRUNC(G101*D101, 0) -> 0 | I101: =TRUNC('일위대가목록(총체)'!G43,0) -> 0 | J101: =TRUNC(I101*D101, 0) -> 0 | K101: =TRUNC(E101+G101+I101, 0) -> 0 | L101: =TRUNC(F101+H101+J101, 0) -> 0 | N101: 528C02E6FE3E79794DEAE0343316E1 | Q101: 0104 | R101: T | S101: F | T101: F | AU101: 0104528C02E6FE3E79794DEAE0343316E1 | AV101: 104
A102: 걸레받이 설치 | B102: THK9, MDF루바용 H75~120mm 기준 | C102: M | D102: 381 | E102: =TRUNC('일위대가목록(총체)'!E44,0) -> 0 | F102: =TRUNC(E102*D102, 0) -> 0 | G102: =TRUNC('일위대가목록(총체)'!F44,0) -> 0 | H102: =TRUNC(G102*D102, 0) -> 0 | I102: =TRUNC('일위대가목록(총체)'!G44,0) -> 0 | J102: =TRUNC(I102*D102, 0) -> 0 | K102: =TRUNC(E102+G102+I102, 0) -> 0 | L102: =TRUNC(F102+H102+J102, 0) -> 0 | N102: 528C02E6FE3E79794DEAE0343316E101 | Q102: 0104 | R102: T | S102: F | T102: F | AU102: 0104528C02E6FE3E79794DEAE0343316E101 | AV102: 62
A103: 마감몰딩 설치 | B103: THK9, MDF루바용 H75~120mm 기준 | C103: M | D103: 318 | E103: =TRUNC('일위대가목록(총체)'!E45,0) -> 0 | F103: =TRUNC(E103*D103, 0) -> 0 | G103: =TRUNC('일위대가목록(총체)'!F45,0) -> 0 | H103: =TRUNC(G103*D103, 0) -> 0 | I103: =TRUNC('일위대가목록(총체)'!G45,0) -> 0 | J103: =TRUNC(I103*D103, 0) -> 0 | K103: =TRUNC(E103+G103+I103, 0) -> 0 | L103: =TRUNC(F103+H103+J103, 0) -> 0 | N103: 528C02E6FE3E79794DEAE0343316E102 | Q103: 0104 | R103: T | S103: F | T103: F | AU103: 0104528C02E6FE3E79794DEAE0343316E102 | AV103: 63
A104: 문선몰딩 설치 | B104: 평몰딩 12*40*2240(MDF+무늬목시트) | C104: M | D104: 162 | E104: =TRUNC('일위대가목록(총체)'!E46,0) -> 0 | F104: =TRUNC(E104*D104, 0) -> 0 | G104: =TRUNC('일위대가목록(총체)'!F46,0) -> 0 | H104: =TRUNC(G104*D104, 0) -> 0 | I104: =TRUNC('일위대가목록(총체)'!G46,0) -> 0 | J104: =TRUNC(I104*D104, 0) -> 0 | K104: =TRUNC(E104+G104+I104, 0) -> 0 | L104: =TRUNC(F104+H104+J104, 0) -> 0 | N104: 528C02E6FE3E79794DEAE0343316E103 | Q104: 0104 | R104: T | S104: F | T104: F | AU104: 0104528C02E6FE3E79794DEAE0343316E103 | AV104: 64
A105: 천정몰딩 설치 | B105: 마이너스몰딩, 25*15*2400mm | C105: M | D105: 456 | E105: =TRUNC('일위대가목록(총체)'!E47,0) -> 0 | F105: =TRUNC(E105*D105, 0) -> 0 | G105: =TRUNC('일위대가목록(총체)'!F47,0) -> 0 | H105: =TRUNC(G105*D105, 0) -> 0 | I105: =TRUNC('일위대가목록(총체)'!G47,0) -> 0 | J105: =TRUNC(I105*D105, 0) -> 0 | K105: =TRUNC(E105+G105+I105, 0) -> 0 | L105: =TRUNC(F105+H105+J105, 0) -> 0 | N105: 528C02E6FE3E79794DEAE0343316E104 | Q105: 0104 | R105: T | S105: F | T105: F | AU105: 0104528C02E6FE3E79794DEAE0343316E104 | AV105: 65
A106: 패널류 설치 | B106: 벽, THK9 MDF루바, 무늬목시트마감 | C106: M2 | D106: 318 | E106: =TRUNC('일위대가목록(총체)'!E48,0) -> 0 | F106: =TRUNC(E106*D106, 0) -> 0 | G106: =TRUNC('일위대가목록(총체)'!F48,0) -> 0 | H106: =TRUNC(G106*D106, 0) -> 0 | I106: =TRUNC('일위대가목록(총체)'!G48,0) -> 0 | J106: =TRUNC(I106*D106, 0) -> 0 | K106: =TRUNC(E106+G106+I106, 0) -> 0 | L106: =TRUNC(F106+H106+J106, 0) -> 0 | N106: 528C02E6FE3E79794DEAE0343316E105 | Q106: 0104 | R106: T | S106: F | T106: F | AU106: 0104528C02E6FE3E79794DEAE0343316E105 | AV106: 66
A107: 도배바름 | B107: 합판·석고보드면, 벽, 실크형, A급 | C107: M2 | D107: 809 | E107: =TRUNC('일위대가목록(총체)'!E49,0) -> 0 | F107: =TRUNC(E107*D107, 0) -> 0 | G107: =TRUNC('일위대가목록(총체)'!F49,0) -> 0 | H107: =TRUNC(G107*D107, 0) -> 0 | I107: =TRUNC('일위대가목록(총체)'!G49,0) -> 0 | J107: =TRUNC(I107*D107, 0) -> 0 | K107: =TRUNC(E107+G107+I107, 0) -> 0 | L107: =TRUNC(F107+H107+J107, 0) -> 0 | N107: 528C02E6C13259672CB06D39B31BEF | Q107: 0104 | R107: T | S107: F | T107: F | AU107: 0104528C02E6C13259672CB06D39B31BEF | AV107: 68
A108: 도배바름 | B108: 합판·석고보드면, 천장, 실크형, A급 | C108: M2 | D108: 56 | E108: =TRUNC('일위대가목록(총체)'!E50,0) -> 0 | F108: =TRUNC(E108*D108, 0) -> 0 | G108: =TRUNC('일위대가목록(총체)'!F50,0) -> 0 | H108: =TRUNC(G108*D108, 0) -> 0 | I108: =TRUNC('일위대가목록(총체)'!G50,0) -> 0 | J108: =TRUNC(I108*D108, 0) -> 0 | K108: =TRUNC(E108+G108+I108, 0) -> 0 | L108: =TRUNC(F108+H108+J108, 0) -> 0 | N108: 528C02E6C13259672CB06C3F43AEC9 | Q108: 0104 | R108: T | S108: F | T108: F | AU108: 0104528C02E6C13259672CB06C3F43AEC9 | AV108: 69
A109: 비닐시트 깔기 - 부분접합 방식 | B109: 비닐시트, 5.0mm, 고탄성비닐시트 | C109: M2 | D109: 31 | E109: =TRUNC('일위대가목록(총체)'!E51,0) -> 0 | F109: =TRUNC(E109*D109, 0) -> 0 | G109: =TRUNC('일위대가목록(총체)'!F51,0) -> 0 | H109: =TRUNC(G109*D109, 0) -> 0 | I109: =TRUNC('일위대가목록(총체)'!G51,0) -> 0 | J109: =TRUNC(I109*D109, 0) -> 0 | K109: =TRUNC(E109+G109+I109, 0) -> 0 | L109: =TRUNC(F109+H109+J109, 0) -> 0 | N109: 528C02E6FE7409FEBC732830F37E695F | Q109: 0104 | R109: T | S109: F | T109: F | AU109: 0104528C02E6FE7409FEBC732830F37E695F | AV109: 70
A110: 전기온돌판넬 설치(여숙소1~4호) | B110: 훈기나는 전기온돌판넬, 온도조절기 포함 | C110: 식 | D110: 1 | E110: =TRUNC('일위대가목록(총체)'!E52,0) -> 0 | F110: =TRUNC(E110*D110, 0) -> 0 | G110: =TRUNC('일위대가목록(총체)'!F52,0) -> 0 | H110: =TRUNC(G110*D110, 0) -> 0 | I110: =TRUNC('일위대가목록(총체)'!G52,0) -> 0 | J110: =TRUNC(I110*D110, 0) -> 0 | K110: =TRUNC(E110+G110+I110, 0) -> 0 | L110: =TRUNC(F110+H110+J110, 0) -> 0 | N110: 528C6256649D79C06205D9383311257C | Q110: 0104 | R110: T | S110: F | T110: F | AU110: 0104528C6256649D79C06205D9383311257C | AV110: 71
A111: 전기온돌판넬 설치(남숙소1~10호) | B111: 훈기나는 전기온돌판넬, 온도조절기 포함 | C111: 식 | D111: 1 | E111: =TRUNC('일위대가목록(총체)'!E53,0) -> 0 | F111: =TRUNC(E111*D111, 0) -> 0 | G111: =TRUNC('일위대가목록(총체)'!F53,0) -> 0 | H111: =TRUNC(G111*D111, 0) -> 0 | I111: =TRUNC('일위대가목록(총체)'!G53,0) -> 0 | J111: =TRUNC(I111*D111, 0) -> 0 | K111: =TRUNC(E111+G111+I111, 0) -> 0 | L111: =TRUNC(F111+H111+J111, 0) -> 0 | N111: 528C6256649D79C06205D9383311257F | Q111: 0104 | R111: T | S111: F | T111: F | AU111: 0104528C6256649D79C06205D9383311257F | AV111: 72
A112: 화장실칸막이(HDC 300시리즈) | B112: 일반HPM(바닥형) 포스트 하부S'STL(H/L)걸레받이(20T) | C112: M2 | D112: 28 | E112: =TRUNC('단가대비표(총체)'!O86,0) -> 0 | F112: =TRUNC(E112*D112, 0) -> 0 | G112: =TRUNC('단가대비표(총체)'!P86,0) -> 0 | H112: =TRUNC(G112*D112, 0) -> 0 | I112: =TRUNC('단가대비표(총체)'!V86,0) -> 0 | J112: =TRUNC(I112*D112, 0) -> 0 | K112: =TRUNC(E112+G112+I112, 0) -> 0 | L112: =TRUNC(F112+H112+J112, 0) -> 0 | M112: 시공도 | N112: 55A91276F390797C34FD3631632D4CCFE8AF5C90 | Q112: 0104 | R112: F | S112: F | T112: T | AU112: 010455A91276F390797C34FD3631632D4CCFE8AF5C90 | AV112: 106
A113: 소변기칸막이(UG100) | B113: 8T*450*1200, 엣칭 강화유리 | C113: EA | D113: 3 | E113: =TRUNC('단가대비표(총체)'!O87,0) -> 0 | F113: =TRUNC(E113*D113, 0) -> 0 | G113: =TRUNC('단가대비표(총체)'!P87,0) -> 0 | H113: =TRUNC(G113*D113, 0) -> 0 | I113: =TRUNC('단가대비표(총체)'!V87,0) -> 0 | J113: =TRUNC(I113*D113, 0) -> 0 | K113: =TRUNC(E113+G113+I113, 0) -> 0 | L113: =TRUNC(F113+H113+J113, 0) -> 0 | M113: 시공도 | N113: 55A91276F390797C34FD3631632D4CCFE8AF5C93 | Q113: 0104 | R113: F | S113: F | T113: T | AU113: 010455A91276F390797C34FD3631632D4CCFE8AF5C93 | AV113: 107
A114: 샤워칸막이 설치 | B114: 유리부스, W1000*D1200*H1900 | C114: M2 | D114: 21 | E114: =TRUNC('단가대비표(총체)'!O88,0) -> 0 | F114: =TRUNC(E114*D114, 0) -> 0 | G114: =TRUNC('단가대비표(총체)'!P88,0) -> 0 | H114: =TRUNC(G114*D114, 0) -> 0 | I114: =TRUNC('단가대비표(총체)'!V88,0) -> 0 | J114: =TRUNC(I114*D114, 0) -> 0 | K114: =TRUNC(E114+G114+I114, 0) -> 0 | L114: =TRUNC(F114+H114+J114, 0) -> 0 | M114: 시공도 | N114: 55A91276F390797C34FD3631632D4CCFE8AF5C92 | Q114: 0104 | R114: F | S114: F | T114: T | AU114: 010455A91276F390797C34FD3631632D4CCFE8AF5C92 | AV114: 108
A135: [ 합 계 ] | F135: =SUM(F71:F134) -> 0 | H135: =SUM(H71:H134) -> 0 | J135: =SUM(J71:J134) -> 0 | L135: =SUM(L71:L134) -> 0 | N135: TOTAL
A136: 0105 금속공사 | Q136: 0105
A137: 경량철골천장틀 | B137: 경량철골천장틀, M-BAR, 시공도 | C137: M2 | D137: 829 | E137: =TRUNC('단가대비표(총체)'!O58,0) -> 0 | F137: =TRUNC(E137*D137, 0) -> 0 | G137: =TRUNC('단가대비표(총체)'!P58,0) -> 0 | H137: =TRUNC(G137*D137, 0) -> 0 | I137: =TRUNC('단가대비표(총체)'!V58,0) -> 0 | J137: =TRUNC(I137*D137, 0) -> 0 | K137: =TRUNC(E137+G137+I137, 0) -> 0 | L137: =TRUNC(F137+H137+J137, 0) -> 0 | N137: 55A91276F375999B0A7E4E382333117A307F351D | Q137: 0105 | R137: F | S137: F | T137: T | AU137: 010555A91276F375999B0A7E4E382333117A307F351D | AV137: 74
A138: AL몰딩 설치 | B138: L형, 15*15*1.0mm | C138: M | D138: 57 | E138: =TRUNC('일위대가목록(총체)'!E54,0) -> 0 | F138: =TRUNC(E138*D138, 0) -> 0 | G138: =TRUNC('일위대가목록(총체)'!F54,0) -> 0 | H138: =TRUNC(G138*D138, 0) -> 0 | I138: =TRUNC('일위대가목록(총체)'!G54,0) -> 0 | J138: =TRUNC(I138*D138, 0) -> 0 | K138: =TRUNC(E138+G138+I138, 0) -> 0 | L138: =TRUNC(F138+H138+J138, 0) -> 0 | N138: 528C02E6792F09897108CD32C38AFA | Q138: 0105 | R138: T | S138: F | T138: F | AU138: 0105528C02E6792F09897108CD32C38AFA | AV138: 75
A139: AL몰딩 설치 | B139: ㄷ형, 15*30*15*1.3mm | C139: M | D139: 70 | E139: =TRUNC('일위대가목록(총체)'!E55,0) -> 0 | F139: =TRUNC(E139*D139, 0) -> 0 | G139: =TRUNC('일위대가목록(총체)'!F55,0) -> 0 | H139: =TRUNC(G139*D139, 0) -> 0 | I139: =TRUNC('일위대가목록(총체)'!G55,0) -> 0 | J139: =TRUNC(I139*D139, 0) -> 0 | K139: =TRUNC(E139+G139+I139, 0) -> 0 | L139: =TRUNC(F139+H139+J139, 0) -> 0 | N139: 528C02E6792F09897108CD32C38AFA1E | Q139: 0105 | R139: T | S139: F | T139: F | AU139: 0105528C02E6792F09897108CD32C38AFA1E | AV139: 76
A140: 타일용 코너비드 설치 | B140: 코너비드, 알루미늄, 타일코너, MC-17 | C140: M | D140: 24 | E140: =TRUNC('일위대가목록(총체)'!E56,0) -> 0 | F140: =TRUNC(E140*D140, 0) -> 0 | G140: =TRUNC('일위대가목록(총체)'!F56,0) -> 0 | H140: =TRUNC(G140*D140, 0) -> 0 | I140: =TRUNC('일위대가목록(총체)'!G56,0) -> 0 | J140: =TRUNC(I140*D140, 0) -> 0 | K140: =TRUNC(E140+G140+I140, 0) -> 0 | L140: =TRUNC(F140+H140+J140, 0) -> 0 | N140: 528C82A6E642D9080D59BD3CA305A356 | Q140: 0105 | R140: T | S140: F | T140: F | AU140: 0105528C82A6E642D9080D59BD3CA305A356 | AV140: 105
A141: C-90 메탈스터드 설치 | B141: 90*45*@450 | C141: ㎡ | D141: 788 | E141: =TRUNC('일위대가목록(총체)'!E57,0) -> 0 | F141: =TRUNC(E141*D141, 0) -> 0 | G141: =TRUNC('일위대가목록(총체)'!F57,0) -> 0 | H141: =TRUNC(G141*D141, 0) -> 0 | I141: =TRUNC('일위대가목록(총체)'!G57,0) -> 0 | J141: =TRUNC(I141*D141, 0) -> 0 | K141: =TRUNC(E141+G141+I141, 0) -> 0 | L141: =TRUNC(F141+H141+J141, 0) -> 0 | N141: 528C527674AE490248499A37A3BF37AE | Q141: 0105 | R141: T | S141: F | T141: F | AU141: 0105528C527674AE490248499A37A3BF37AE | AV141: 77
A142: C-75 메탈스터드 설치 | B142: 75*45*@450 | C142: ㎡ | D142: 11 | E142: =TRUNC('일위대가목록(총체)'!E58,0) -> 0 | F142: =TRUNC(E142*D142, 0) -> 0 | G142: =TRUNC('일위대가목록(총체)'!F58,0) -> 0 | H142: =TRUNC(G142*D142, 0) -> 0 | I142: =TRUNC('일위대가목록(총체)'!G58,0) -> 0 | J142: =TRUNC(I142*D142, 0) -> 0 | K142: =TRUNC(E142+G142+I142, 0) -> 0 | L142: =TRUNC(F142+H142+J142, 0) -> 0 | N142: 528C527674AE490248499A37A3BF37A9 | Q142: 0105 | R142: T | S142: F | T142: F | AU142: 0105528C527674AE490248499A37A3BF37A9 | AV142: 78
A143: 스테인리스재료분리대 | B143: 바닥, W45*H20*1.5t | C143: M | D143: 6 | E143: =TRUNC('일위대가목록(총체)'!E59,0) -> 0 | F143: =TRUNC(E143*D143, 0) -> 0 | G143: =TRUNC('일위대가목록(총체)'!F59,0) -> 0 | H143: =TRUNC(G143*D143, 0) -> 0 | I143: =TRUNC('일위대가목록(총체)'!G59,0) -> 0 | J143: =TRUNC(I143*D143, 0) -> 0 | K143: =TRUNC(E143+G143+I143, 0) -> 0 | L143: =TRUNC(F143+H143+J143, 0) -> 0 | N143: 528C02E695F7E97181386E3883FEA5 | Q143: 0105 | R143: T | S143: F | T143: F | AU143: 0105528C02E695F7E97181386E3883FEA5 | AV143: 79
A144: 스틸 각파이프 구조틀 설치 | B144: 50*50*@300, H450이하 | C144: M2 | D144: 23 | E144: =TRUNC('일위대가목록(총체)'!E60,0) -> 0 | F144: =TRUNC(E144*D144, 0) -> 0 | G144: =TRUNC('일위대가목록(총체)'!F60,0) -> 0 | H144: =TRUNC(G144*D144, 0) -> 0 | I144: =TRUNC('일위대가목록(총체)'!G60,0) -> 0 | J144: =TRUNC(I144*D144, 0) -> 0 | K144: =TRUNC(E144+G144+I144, 0) -> 0 | L144: =TRUNC(F144+H144+J144, 0) -> 0 | N144: 528C5276F9E93913FEF9E63903FB5F0E | Q144: 0105 | R144: T | S144: F | T144: F | AU144: 0105528C5276F9E93913FEF9E63903FB5F0E | AV144: 80
A157: [ 합 계 ] | F157: =SUM(F137:F156) -> 0 | H157: =SUM(H137:H156) -> 0 | J157: =SUM(J137:J156) -> 0 | L157: =SUM(L137:L156) -> 0 | N157: TOTAL
A158: 0106 창호공사 | Q158: 0106
A159: ABS1_합성수지(목무늬) 도어 | B159: 편개 0.90*2.10, 여닫이 | C159: 개소 | D159: 19 | E159: =TRUNC('일위대가목록(총체)'!E61,0) -> 0 | F159: =TRUNC(E159*D159, 0) -> 0 | G159: =TRUNC('일위대가목록(총체)'!F61,0) -> 0 | H159: =TRUNC(G159*D159, 0) -> 0 | I159: =TRUNC('일위대가목록(총체)'!G61,0) -> 0 | J159: =TRUNC(I159*D159, 0) -> 0 | K159: =TRUNC(E159+G159+I159, 0) -> 0 | L159: =TRUNC(F159+H159+J159, 0) -> 0 | N159: 528C3226146EC956727EEB3353624854 | Q159: 0106 | R159: T | S159: F | T159: F | AU159: 0106528C3226146EC956727EEB3353624854 | AV159: 92
A160: ABS2_합성수지(목무늬) 도어 | B160: 양개 1.50*2.10, 여닫이 | C160: 개소 | D160: 1 | E160: =TRUNC('일위대가목록(총체)'!E62,0) -> 0 | F160: =TRUNC(E160*D160, 0) -> 0 | G160: =TRUNC('일위대가목록(총체)'!F62,0) -> 0 | H160: =TRUNC(G160*D160, 0) -> 0 | I160: =TRUNC('일위대가목록(총체)'!G62,0) -> 0 | J160: =TRUNC(I160*D160, 0) -> 0 | K160: =TRUNC(E160+G160+I160, 0) -> 0 | L160: =TRUNC(F160+H160+J160, 0) -> 0 | N160: 528C3226146EC956727EEB3353624857 | Q160: 0106 | R160: T | S160: F | T160: F | AU160: 0106528C3226146EC956727EEB3353624857 | AV160: 95
A161: ABS3 3연동 도어, 목무늬Sheet | B161: 1.5*2.10, 3연동 미서기 | C161: 개소 | D161: 1 | E161: =TRUNC('일위대가목록(총체)'!E63,0) -> 0 | F161: =TRUNC(E161*D161, 0) -> 0 | G161: =TRUNC('일위대가목록(총체)'!F63,0) -> 0 | H161: =TRUNC(G161*D161, 0) -> 0 | I161: =TRUNC('일위대가목록(총체)'!G63,0) -> 0 | J161: =TRUNC(I161*D161, 0) -> 0 | K161: =TRUNC(E161+G161+I161, 0) -> 0 | L161: =TRUNC(F161+H161+J161, 0) -> 0 | N161: 528C3226146EC956727EEA32E3746C9139F695 | Q161: 0106 | R161: T | S161: F | T161: F | AU161: 0106528C3226146EC956727EEA32E3746C9139F695 | AV161: 97
A162: FSD1_철재 방화문(갑종) | B162: 양개 1.80*2.10 (문틀포함) | C162: 개소 | D162: 4 | E162: =TRUNC('일위대가목록(총체)'!E64,0) -> 0 | F162: =TRUNC(E162*D162, 0) -> 0 | G162: =TRUNC('일위대가목록(총체)'!F64,0) -> 0 | H162: =TRUNC(G162*D162, 0) -> 0 | I162: =TRUNC('일위대가목록(총체)'!G64,0) -> 0 | J162: =TRUNC(I162*D162, 0) -> 0 | K162: =TRUNC(E162+G162+I162, 0) -> 0 | L162: =TRUNC(F162+H162+J162, 0) -> 0 | N162: 528C322626647931E863E53B43AA3DD3 | Q162: 0106 | R162: T | S162: F | T162: F | AU162: 0106528C322626647931E863E53B43AA3DD3 | AV162: 94
A163: SD1_철재 방화문 | B163: 양개 1.80*2.10 (문틀포함) | C163: 개소 | D163: 6 | E163: =TRUNC('일위대가목록(총체)'!E65,0) -> 0 | F163: =TRUNC(E163*D163, 0) -> 0 | G163: =TRUNC('일위대가목록(총체)'!F65,0) -> 0 | H163: =TRUNC(G163*D163, 0) -> 0 | I163: =TRUNC('일위대가목록(총체)'!G65,0) -> 0 | J163: =TRUNC(I163*D163, 0) -> 0 | K163: =TRUNC(E163+G163+I163, 0) -> 0 | L163: =TRUNC(F163+H163+J163, 0) -> 0 | N163: 528C322626647931E863E53B43AA3DD2 | Q163: 0106 | R163: T | S163: F | T163: F | AU163: 0106528C322626647931E863E53B43AA3DD2 | AV163: 90
A164: SD2_철재 방화문 | B164: 편개 1.0*2.10 (문틀포함) | C164: 개소 | D164: 6 | E164: =TRUNC('일위대가목록(총체)'!E66,0) -> 0 | F164: =TRUNC(E164*D164, 0) -> 0 | G164: =TRUNC('일위대가목록(총체)'!F66,0) -> 0 | H164: =TRUNC(G164*D164, 0) -> 0 | I164: =TRUNC('일위대가목록(총체)'!G66,0) -> 0 | J164: =TRUNC(I164*D164, 0) -> 0 | K164: =TRUNC(E164+G164+I164, 0) -> 0 | L164: =TRUNC(F164+H164+J164, 0) -> 0 | N164: 528C322626647931E863E53B43AA3DD1 | Q164: 0106 | R164: T | S164: F | T164: F | AU164: 0106528C322626647931E863E53B43AA3DD1 | AV164: 96
A179: [ 합 계 ] | F179: =SUM(F159:F178) -> 0 | H179: =SUM(H159:H178) -> 0 | J179: =SUM(J159:J178) -> 0 | L179: =SUM(L159:L178) -> 0 | N179: TOTAL
A180: 0107 칠공사 | Q180: 0107
A181: 바탕만들기+유성페인트 붓칠 | B181: 석고보드면 줄퍼티, 1회 1급 | C181: M2 | D181: 12 | E181: =TRUNC('일위대가목록(총체)'!E67,0) -> 0 | F181: =TRUNC(E181*D181, 0) -> 0 | G181: =TRUNC('일위대가목록(총체)'!F67,0) -> 0 | H181: =TRUNC(G181*D181, 0) -> 0 | I181: =TRUNC('일위대가목록(총체)'!G67,0) -> 0 | J181: =TRUNC(I181*D181, 0) -> 0 | K181: =TRUNC(E181+G181+I181, 0) -> 0 | L181: =TRUNC(F181+H181+J181, 0) -> 0 | N181: 528C12D67C64897D08AE0A345392A7AC | Q181: 0107 | R181: T | S181: F | T181: F | AU181: 0107528C12D67C64897D08AE0A345392A7AC | AV181: 83
A182: 바탕만들기+걸레받이용 페인트칠 | B182: 붓칠 2회, con'c·mortar면 | C182: M2 | D182: 54 | E182: =TRUNC('일위대가목록(총체)'!E68,0) -> 0 | F182: =TRUNC(E182*D182, 0) -> 0 | G182: =TRUNC('일위대가목록(총체)'!F68,0) -> 0 | H182: =TRUNC(G182*D182, 0) -> 0 | I182: =TRUNC('일위대가목록(총체)'!G68,0) -> 0 | J182: =TRUNC(I182*D182, 0) -> 0 | K182: =TRUNC(E182+G182+I182, 0) -> 0 | L182: =TRUNC(F182+H182+J182, 0) -> 0 | N182: 528C12D67C49C9B77B00AC3E53199985 | Q182: 0107 | R182: T | S182: F | T182: F | AU182: 0107528C12D67C49C9B77B00AC3E53199985 | AV182: 84
...

Sheet 일위대가목록(총체)
A1: 일 위 대 가 목 록
A2: [ 부산역 4층(부고열소) 내부개수 기타공사(총체) ]
A3: 코 드 | B3: 품 명 | C3: 규 격 | D3: 단위 | E3: 재 료 비 | F3: 노 무 비 | G3: 경 비 | H3: 합 계 | I3: 번 호 | J3: 비 고 | K3: 노임계수 | L3: 할증 | M3: 품셈개요 | N3: 장비일위
A4: 528CE206FA04C98EB34FCA3743B093 | B4: 콘테이너형 가설사무소 설치 및 해체 | C4: 3.0*6.0m, 3개월 | D4: 개소 | E4: ='일위대가(총체)'!F8 -> 0 | F4: ='일위대가(총체)'!H8 -> 0 | G4: ='일위대가(총체)'!J8 -> 0 | H4: =E4+F4+G4 -> 0 | I4: 호표 1
A5: 528CE206FA04F95DAB2BC23B235ECF | B5: 콘테이너형 가설창고 설치 및 해체 | C5: 3.0*6.0m, 3개월 | D5: 개소 | E5: ='일위대가(총체)'!F14 -> 0 | F5: ='일위대가(총체)'!H14 -> 0 | G5: ='일위대가(총체)'!J14 -> 0 | H5: =E5+F5+G5 -> 0 | I5: 호표 2
A6: 528CE20691B3B972B985053583A21F | B6: 건축물 현장정리 | C6: 목조, 철골조, 조적조 | D6: M2 | E6: ='일위대가(총체)'!F18 -> 0 | F6: ='일위대가(총체)'!H18 -> 0 | G6: ='일위대가(총체)'!J18 -> 0 | H6: =E6+F6+G6 -> 0 | I6: 호표 3
A7: 528CE206CEDAC9860073CE3B53545E | B7: 강관 조립말비계(이동식)설치 및 해체 | C7: 높이 4m, 3개월 | D7: 대 | E7: ='일위대가(총체)'!F32 -> 0 | F7: ='일위대가(총체)'!H32 -> 0 | G7: ='일위대가(총체)'!J32 -> 0 | H7: =E7+F7+G7 -> 0 | I7: 호표 4
A8: 528CE206CEDAC98602247D3B532581 | B8: 시스템비계 설치 및 해체 | C8: 10m 이하 | D8: M2 | E8: ='일위대가(총체)'!F37 -> 0 | F8: ='일위대가(총체)'!H37 -> 0 | G8: ='일위대가(총체)'!J37 -> 0 | H8: =E8+F8+G8 -> 0 | I8: 호표 5
A9: 528CE206CEF5C913FD184B3B537AB61C | B9: RPP가설울타리판 설치 | C9: 설치높이 6m 이하 | D9: M | E9: ='일위대가(총체)'!F45 -> 0 | F9: ='일위대가(총체)'!H45 -> 0 | G9: ='일위대가(총체)'!J45 -> 0 | H9: =E9+F9+G9 -> 0 | I9: 호표 6
A10: 528CE206CEF5C913FD184B3B537B5CE1 | B10: RPP가설울타리판 해체 | C10: 설치높이 6m 이하 | D10: M | E10: ='일위대가(총체)'!F52 -> 0 | F10: ='일위대가(총체)'!H52 -> 0 | G10: ='일위대가(총체)'!J52 -> 0 | H10: =E10+F10+G10 -> 0 | I10: 호표 7
A11: 528C9286A920C9AA1212993083EF9B | B11: 1.0B 벽돌쌓기 | C11: 3.6m 초과 | D11: M2 | E11: ='일위대가(총체)'!F59 -> 0 | F11: ='일위대가(총체)'!H59 -> 0 | G11: ='일위대가(총체)'!J59 -> 0 | H11: =E11+F11+G11 -> 0 | I11: 호표 8
A12: 528C9286A90419EA3F99A93D539B80 | B12: 벽돌운반 | C12: 인력, 4층 | D12: 천매 | E12: ='일위대가(총체)'!F63 -> 0 | F12: ='일위대가(총체)'!H63 -> 0 | G12: ='일위대가(총체)'!J63 -> 0 | H12: =E12+F12+G12 -> 0 | I12: 호표 9
A13: 528C82A6506BD9409745C83ED332CF | B13: 모르타르 바름 | C13: 내벽, 18mm, 3.6m 초과 | D13: M2 | E13: ='일위대가(총체)'!F68 -> 0 | F13: ='일위대가(총체)'!H68 -> 0 | G13: ='일위대가(총체)'!J68 -> 0 | H13: =E13+F13+G13 -> 0 | I13: 호표 10
A14: 528C82A6506BF97316C7B53683AF23E0 | B14: 구배모르타르 바름 | C14: 바닥, 24mm | D14: M2 | E14: ='일위대가(총체)'!F73 -> 0 | F14: ='일위대가(총체)'!H73 -> 0 | G14: ='일위대가(총체)'!J73 -> 0 | H14: =E14+F14+G14 -> 0 | I14: 호표 11
A15: 528C82A6506BF97316C7B53693B2BA | B15: 모르타르 바름 | C15: 바닥, 30mm | D15: M2 | E15: ='일위대가(총체)'!F78 -> 0 | F15: ='일위대가(총체)'!H78 -> 0 | G15: ='일위대가(총체)'!J78 -> 0 | H15: =E15+F15+G15 -> 0 | I15: 호표 12
A16: 528C82A6506BF908FCCB2A3A031E5119 | B16: 자동 수평 모르타르 바름 | C16: 바닥 10T | D16: M2 | E16: ='일위대가(총체)'!F85 -> 0 | F16: ='일위대가(총체)'!H85 -> 0 | G16: ='일위대가(총체)'!J85 -> 0 | H16: =E16+F16+G16 -> 0 | I16: 호표 13
A17: 528C2236DDB5A9868959173153EBC0 | B17: 타일 떠붙이기(바탕 24mm) | C17: 벽, 0.11∼0.20 이하, 백색줄눈 | D17: M2 | E17: ='일위대가(총체)'!F92 -> 0 | F17: ='일위대가(총체)'!H92 -> 0 | G17: ='일위대가(총체)'!J92 -> 0 | H17: =E17+F17+G17 -> 0 | I17: 호표 14
A18: 528C2236DD9AF9FF62219F3BB320A3 | B18: 타일 압착 붙이기(바탕 12mm+압 5mm) | C18: 바닥, 300*300(타일C, 백색줄눈) | D18: M2 | E18: ='일위대가(총체)'!F98 -> 0 | F18: ='일위대가(총체)'!H98 -> 0 | G18: ='일위대가(총체)'!J98 -> 0 | H18: =E18+F18+G18 -> 0 | I18: 호표 15
A19: 528C2236EE62B987D089DD3563E2B14D | B19: 화강석 두겁돌(습식, 물갈기) | C19: 창대, 마천석 120*30mm, 모르타르 30mm | D19: M | E19: ='일위대가(총체)'!F104 -> 0 | F19: ='일위대가(총체)'!H104 -> 0 | G19: ='일위대가(총체)'!J104 -> 0 | H19: =E19+F19+G19 -> 0 | I19: 호표 16
A20: 528C72B6D26AD9C653490E35E304BB | B20: 수용성 고무화 아스팔트방수 | C20: 바닥, 비노출 | D20: M2 | E20: ='일위대가(총체)'!F115 -> 0 | F20: ='일위대가(총체)'!H115 -> 0 | G20: ='일위대가(총체)'!J115 -> 0 | H20: =E20+F20+G20 -> 0 | I20: 호표 17
A21: 528C72B6D26AD9C653490E35E304BA | B21: 수용성 고무화 아스팔트방수 | C21: 벽, 비노출 | D21: M2 | E21: ='일위대가(총체)'!F126 -> 0 | F21: ='일위대가(총체)'!H126 -> 0 | G21: ='일위대가(총체)'!J126 -> 0 | H21: =E21+F21+G21 -> 0 | I21: 호표 18
A22: 528C72B679E069B4976E273913F293 | B22: 시멘트 액체방수 바름 | C22: 바닥 | D22: M2 | E22: ='일위대가(총체)'!F135 -> 0 | F22: ='일위대가(총체)'!H135 -> 0 | G22: ='일위대가(총체)'!J135 -> 0 | H22: =E22+F22+G22 -> 0 | I22: 호표 19
A23: 528C72B679E069B4976E273913F2935C | B23: 시멘트 액체방수 바름 | C23: 벽 | D23: M2 | E23: ='일위대가(총체)'!F144 -> 0 | F23: ='일위대가(총체)'!H144 -> 0 | G23: ='일위대가(총체)'!J144 -> 0 | H23: =E23+F23+G23 -> 0 | I23: 호표 20
A24: 528C625664E5499988B0D5373338BE | B24: 마루틀 설치 | C24: 45*45, @450 | D24: M2 | E24: ='일위대가(총체)'!F149 -> 0 | F24: ='일위대가(총체)'!H149 -> 0 | G24: ='일위대가(총체)'!J149 -> 0 | H24: =E24+F24+G24 -> 0 | I24: 호표 21
A25: 528C625664E5499988B1F23193C65A | B25: 마루틀 설치 | C25: 90*90, @900 | D25: M2 | E25: ='일위대가(총체)'!F154 -> 0 | F25: ='일위대가(총체)'!H154 -> 0 | G25: ='일위대가(총체)'!J154 -> 0 | H25: =E25+F25+G25 -> 0 | I25: 호표 22
A26: 528C02E65E7E892056AF3039C38A37 | B26: 마루귀틀 설치 | D26: M | E26: ='일위대가(총체)'!F160 -> 0 | F26: ='일위대가(총체)'!H160 -> 0 | G26: ='일위대가(총체)'!J160 -> 0 | H26: =E26+F26+G26 -> 0 | I26: 호표 23
A27: 528C02E6D3D839CDDF2BA4376372FDC4 | B27: 합판 2겹 깔기 | C27: 바닥, 12㎜ 내수합판 2겹 | D27: M2 | E27: ='일위대가(총체)'!F167 -> 0 | F27: ='일위대가(총체)'!H167 -> 0 | G27: ='일위대가(총체)'!J167 -> 0 | H27: =E27+F27+G27 -> 0 | I27: 호표 24
A28: 528C02E6D3D839CDDF2BA4376372FDC7 | B28: 합판 2겹 깔기 | C28: 바닥, 15㎜ 내수합판 2겹 | D28: M2 | E28: ='일위대가(총체)'!F174 -> 0 | F28: ='일위대가(총체)'!H174 -> 0 | G28: ='일위대가(총체)'!J174 -> 0 | H28: =E28+F28+G28 -> 0 | I28: 호표 25
A29: 528C02E6D3D839CDDF2BA4376372FDC1 | B29: 벽, T15 목모흡음보드 붙임 | C29: T15, 국내산 | D29: M2 | E29: ='일위대가(총체)'!F181 -> 0 | F29: ='일위대가(총체)'!H181 -> 0 | G29: ='일위대가(총체)'!J181 -> 0 | H29: =E29+F29+G29 -> 0 | I29: 호표 26
A30: 528C02E6D3D839CDDF2BA4376372FDC0 | B30: 차은시트 붙임 | C30: 2T | D30: M2 | E30: ='일위대가(총체)'!F187 -> 0 | F30: ='일위대가(총체)'!H187 -> 0 | G30: ='일위대가(총체)'!J187 -> 0 | H30: =E30+F30+G30 -> 0 | I30: 호표 27
A31: 528C3226AB96A98EFBAEF431D36B364C | B31: 백페인트글라스 붙이기 | C31: T8, 화이트보드, 제비스코 | D31: M2 | E31: ='일위대가(총체)'!F195 -> 0 | F31: ='일위대가(총체)'!H195 -> 0 | G31: ='일위대가(총체)'!J195 -> 0 | H31: =E31+F31+G31 -> 0 | I31: 호표 28
A32: 528C02E6A64A09867EA349356391B0 | B32: 단열재 깔기 | C32: 압출발포폴리스티렌단열재, 압출, 0.03, 100mm | D32: M2 | E32: ='일위대가(총체)'!F200 -> 0 | F32: ='일위대가(총체)'!H200 -> 0 | G32: ='일위대가(총체)'!J200 -> 0 | H32: =E32+F32+G32 -> 0 | I32: 호표 29
A33: 528C02E6D3BD59526658B239C38B41 | B33: 석고판 설치(나사고정) - 바탕용 | C33: 벽, 2겹 붙임 | D33: M2 | E33: ='일위대가(총체)'!F206 -> 0 | F33: ='일위대가(총체)'!H206 -> 0 | G33: ='일위대가(총체)'!J206 -> 0 | H33: =E33+F33+G33 -> 0 | I33: 호표 30
A34: 528C02E6D3BD59515F678133438DF2 | B34: 석고판 설치(나사고정) - 바탕용 | C34: 천장, 1겹 붙임 | D34: M2 | E34: ='일위대가(총체)'!F212 -> 0 | F34: ='일위대가(총체)'!H212 -> 0 | G34: ='일위대가(총체)'!J212 -> 0 | H34: =E34+F34+G34 -> 0 | I34: 호표 31
A35: 528C02E6D3BD59515F678133438E98 | B35: 석고판 설치(나사고정) - 바탕용 | C35: 천장, 2겹 붙임 | D35: M2 | E35: ='일위대가(총체)'!F218 -> 0 | F35: ='일위대가(총체)'!H218 -> 0 | G35: ='일위대가(총체)'!J218 -> 0 | H35: =E35+F35+G35 -> 0 | I35: 호표 32
A36: 528C527674AE490248499A37A3BF37AC | B36: 드라이월 벽 설치(일반) | C36: 일반 9.5mm 양면 2겹 C-골조 125현 이하 | D36: ㎡ | E36: ='일위대가(총체)'!F227 -> 0 | F36: ='일위대가(총체)'!H227 -> 0 | G36: ='일위대가(총체)'!J227 -> 0 | H36: =E36+F36+G36 -> 0 | I36: 호표 33
A37: 528C527674AE490248499A37A3BF37AF | B37: 드라이월 벽 설치(방화) | C37: 방화 12.5mm 양면 2겹 C-골조 125현 이하 | D37: ㎡ | E37: ='일위대가(총체)'!F236 -> 0 | F37: ='일위대가(총체)'!H236 -> 0 | G37: ='일위대가(총체)'!J236 -> 0 | H37: =E37+F37+G37 -> 0 | I37: 호표 34
A38: 528C02E6A677496478D8DC3033CD045C | B38: 단열재 격자넣기 - 벽 | C38: 그라스울 24K, 50T*450*1000 | D38: M2 | E38: ='일위대가(총체)'!F241 -> 0 | F38: ='일위대가(총체)'!H241 -> 0 | G38: ='일위대가(총체)'!J241 -> 0 | H38: =E38+F38+G38 -> 0 | I38: 호표 35
A39: 528C02E6FE7409FF40712B3103D588 | B39: 비닐타일 깔기 | C39: 비닐타일, 3*450*450mm, 데코타일 | D39: M2 | E39: ='일위대가(총체)'!F245 -> 0 | F39: ='일위대가(총체)'!H245 -> 0 | G39: ='일위대가(총체)'!J245 -> 0 | H39: =E39+F39+G39 -> 0 | I39: 호표 36
A40: 528C02E6FE7409FEBC732B3DF33866 | B40: 비닐시트 깔기 - 전면접합 | C40: 비닐시트, 2.0mm, 모노륨 | D40: M2 | E40: ='일위대가(총체)'!F249 -> 0 | F40: ='일위대가(총체)'!H249 -> 0 | G40: ='일위대가(총체)'!J249 -> 0 | H40: =E40+F40+G40 -> 0 | I40: 호표 37
A41: 528C02E6D38029DD72367231A34EAF | B41: 흡음텍스 설치 | C41: 천정, THK9.5 석고계 텍스 | D41: M2 | E41: ='일위대가(총체)'!F255 -> 0 | F41: ='일위대가(총체)'!H255 -> 0 | G41: ='일위대가(총체)'!J255 -> 0 | H41: =E41+F41+G41 -> 0 | I41: 호표 38
A42: 528C02E6D38029DD72367231A34EAFD6 | B42: 흡음텍스 설치 | C42: 천정, THK12 마이톤(타카형) | D42: M2 | E42: ='일위대가(총체)'!F261 -> 0 | F42: ='일위대가(총체)'!H261 -> 0 | G42: ='일위대가(총체)'!J261 -> 0 | H42: =E42+F42+G42 -> 0 | I42: 호표 39
A43: 528C02E6FE3E79794DEAE0343316E1 | B43: 걸레받이 설치 | C43: 중밀도섬유판, H=75~120mm 기준 | D43: M | E43: ='일위대가(총체)'!F268 -> 0 | F43: ='일위대가(총체)'!H268 -> 0 | G43: ='일위대가(총체)'!J268 -> 0 | H43: =E43+F43+G43 -> 0 | I43: 호표 40
A44: 528C02E6FE3E79794DEAE0343316E101 | B44: 걸레받이 설치 | C44: THK9, MDF루바용 H75~120mm 기준 | D44: M | E44: ='일위대가(총체)'!F276 -> 0 | F44: ='일위대가(총체)'!H276 -> 0 | G44: ='일위대가(총체)'!J276 -> 0 | H44: =E44+F44+G44 -> 0 | I44: 호표 41
A45: 528C02E6FE3E79794DEAE0343316E102 | B45: 마감몰딩 설치 | C45: THK9, MDF루바용 H75~120mm 기준 | D45: M | E45: ='일위대가(총체)'!F284 -> 0 | F45: ='일위대가(총체)'!H284 -> 0 | G45: ='일위대가(총체)'!J284 -> 0 | H45: =E45+F45+G45 -> 0 | I45: 호표 42
A46: 528C02E6FE3E79794DEAE0343316E103 | B46: 문선몰딩 설치 | C46: 평몰딩 12*40*2240(MDF+무늬목시트) | D46: M | E46: ='일위대가(총체)'!F292 -> 0 | F46: ='일위대가(총체)'!H292 -> 0 | G46: ='일위대가(총체)'!J292 -> 0 | H46: =E46+F46+G46 -> 0 | I46: 호표 43
A47: 528C02E6FE3E79794DEAE0343316E104 | B47: 천정몰딩 설치 | C47: 마이너스몰딩, 25*15*2400mm | D47: M | E47: ='일위대가(총체)'!F300 -> 0 | F47: ='일위대가(총체)'!H300 -> 0 | G47: ='일위대가(총체)'!J300 -> 0 | H47: =E47+F47+G47 -> 0 | I47: 호표 44
A48: 528C02E6FE3E79794DEAE0343316E105 | B48: 패널류 설치 | C48: 벽, THK9 MDF루바, 무늬목시트마감 | D48: M2 | E48: ='일위대가(총체)'!F308 -> 0 | F48: ='일위대가(총체)'!H308 -> 0 | G48: ='일위대가(총체)'!J308 -> 0 | H48: =E48+F48+G48 -> 0 | I48: 호표 45
A49: 528C02E6C13259672CB06D39B31BEF | B49: 도배바름 | C49: 합판·석고보드면, 벽, 실크형, A급 | D49: M2 | E49: ='일위대가(총체)'!F314 -> 0 | F49: ='일위대가(총체)'!H314 -> 0 | G49: ='일위대가(총체)'!J314 -> 0 | H49: =E49+F49+G49 -> 0 | I49: 호표 46
A50: 528C02E6C13259672CB06C3F43AEC9 | B50: 도배바름 | C50: 합판·석고보드면, 천장, 실크형, A급 | D50: M2 | E50: ='일위대가(총체)'!F321 -> 0 | F50: ='일위대가(총체)'!H321 -> 0 | G50: ='일위대가(총체)'!J321 -> 0 | H50: =E50+F50+G50 -> 0 | I50: 호표 47
A51: 528C02E6FE7409FEBC732830F37E695F | B51: 비닐시트 깔기 - 부분접합 방식 | C51: 비닐시트, 5.0mm, 고탄성비닐시트 | D51: M2 | E51: ='일위대가(총체)'!F326 -> 0 | F51: ='일위대가(총체)'!H326 -> 0 | G51: ='일위대가(총체)'!J326 -> 0 | H51: =E51+F51+G51 -> 0 | I51: 호표 48
A52: 528C6256649D79C06205D9383311257C | B52: 전기온돌판넬 설치(여숙소1~4호) | C52: 훈기나는 전기온돌판넬, 온도조절기 포함 | D52: 식 | E52: ='일위대가(총체)'!F336 -> 0 | F52: ='일위대가(총체)'!H336 -> 0 | G52: ='일위대가(총체)'!J336 -> 0 | H52: =E52+F52+G52 -> 0 | I52: 호표 49
A53: 528C6256649D79C06205D9383311257F | B53: 전기온돌판넬 설치(남숙소1~10호) | C53: 훈기나는 전기온돌판넬, 온도조절기 포함 | D53: 식 | E53: ='일위대가(총체)'!F346 -> 0 | F53: ='일위대가(총체)'!H346 -> 0 | G53: ='일위대가(총체)'!J346 -> 0 | H53: =E53+F53+G53 -> 0 | I53: 호표 50
A54: 528C02E6792F09897108CD32C38AFA | B54: AL몰딩 설치 | C54: L형, 15*15*1.0mm | D54: M | E54: ='일위대가(총체)'!F352 -> 0 | F54: ='일위대가(총체)'!H352 -> 0 | G54: ='일위대가(총체)'!J352 -> 0 | H54: =E54+F54+G54 -> 0 | I54: 호표 51
A55: 528C02E6792F09897108CD32C38AFA1E | B55: AL몰딩 설치 | C55: ㄷ형, 15*30*15*1.3mm | D55: M | E55: ='일위대가(총체)'!F358 -> 0 | F55: ='일위대가(총체)'!H358 -> 0 | G55: ='일위대가(총체)'!J358 -> 0 | H55: =E55+F55+G55 -> 0 | I55: 호표 52
A56: 528C82A6E642D9080D59BD3CA305A356 | B56: 타일용 코너비드 설치 | C56: 코너비드, 알루미늄, 타일코너, MC-17 | D56: M | E56: ='일위대가(총체)'!F363 -> 0 | F56: ='일위대가(총체)'!H363 -> 0 | G56: ='일위대가(총체)'!J363 -> 0 | H56: =E56+F56+G56 -> 0 | I56: 호표 53
A57: 528C527674AE490248499A37A3BF37AE | B57: C-90 메탈스터드 설치 | C57: 90*45*@450 | D57: ㎡ | E57: ='일위대가(총체)'!F374 -> 0 | F57: ='일위대가(총체)'!H374 -> 0 | G57: ='일위대가(총체)'!J374 -> 0 | H57: =E57+F57+G57 -> 0 | I57: 호표 54
A58: 528C527674AE490248499A37A3BF37A9 | B58: C-75 메탈스터드 설치 | C58: 75*45*@450 | D58: ㎡ | E58: ='일위대가(총체)'!F385 -> 0 | F58: ='일위대가(총체)'!H385 -> 0 | G58: ='일위대가(총체)'!J385 -> 0 | H58: =E58+F58+G58 -> 0 | I58: 호표 55
A59: 528C02E695F7E97181386E3883FEA5 | B59: 스테인리스재료분리대 | C59: 바닥, W45*H20*1.5t | D59: M | E59: ='일위대가(총체)'!F395 -> 0 | F59: ='일위대가(총체)'!H395 -> 0 | G59: ='일위대가(총체)'!J395 -> 0 | H59: =E59+F59+G59 -> 0 | I59: 호표 56
A60: 528C5276F9E93913FEF9E63903FB5F0E | B60: 스틸 각파이프 구조틀 설치 | C60: 50*50*@300, H450이하 | D60: M2 | E60: ='일위대가(총체)'!F404 -> 0 | F60: ='일위대가(총체)'!H404 -> 0 | G60: ='일위대가(총체)'!J404 -> 0 | H60: =E60+F60+G60 -> 0 | I60: 호표 57
A61: 528C3226146EC956727EEB3353624854 | B61: ABS1_합성수지(목무늬) 도어 | C61: 편개 0.90*2.10, 여닫이 | D61: 개소 | E61: ='일위대가(총체)'!F415 -> 0 | F61: ='일위대가(총체)'!H415 -> 0 | G61: ='일위대가(총체)'!J415 -> 0 | H61: =E61+F61+G61 -> 0 | I61: 호표 58
A62: 528C3226146EC956727EEB3353624857 | B62: ABS2_합성수지(목무늬) 도어 | C62: 양개 1.50*2.10, 여닫이 | D62: 개소 | E62: ='일위대가(총체)'!F427 -> 0 | F62: ='일위대가(총체)'!H427 -> 0 | G62: ='일위대가(총체)'!J427 -> 0 | H62: =E62+F62+G62 -> 0 | I62: 호표 59
A63: 528C3226146EC956727EEA32E3746C9139F695 | B63: ABS3 3연동 도어, 목무늬Sheet | C63: 1.5*2.10, 3연동 미서기 | D63: 개소 | E63: ='일위대가(총체)'!F434 -> 0 | F63: ='일위대가(총체)'!H434 -> 0 | G63: ='일위대가(총체)'!J434 -> 0 | H63: =E63+F63+G63 -> 0 | I63: 호표 60
A64: 528C322626647931E863E53B43AA3DD3 | B64: FSD1_철재 방화문(갑종) | C64: 양개 1.80*2.10 (문틀포함) | D64: 개소 | E64: ='일위대가(총체)'!F448 -> 0 | F64: ='일위대가(총체)'!H448 -> 0 | G64: ='일위대가(총체)'!J448 -> 0 | H64: =E64+F64+G64 -> 0 | I64: 호표 61
A65: 528C322626647931E863E53B43AA3DD2 | B65: SD1_철재 방화문 | C65: 양개 1.80*2.10 (문틀포함) | D65: 개소 | E65: ='일위대가(총체)'!F462 -> 0 | F65: ='일위대가(총체)'!H462 -> 0 | G65: ='일위대가(총체)'!J462 -> 0 | H65: =E65+F65+G65 -> 0 | I65: 호표 62
A66: 528C322626647931E863E53B43AA3DD1 | B66: SD2_철재 방화문 | C66: 편개 1.0*2.10 (문틀포함) | D66: 개소 | E66: ='일위대가(총체)'!F474 -> 0 | F66: ='일위대가(총체)'!H474 -> 0 | G66: ='일위대가(총체)'!J474 -> 0 | H66: =E66+F66+G66 -> 0 | I66: 호표 63
A67: 528C12D67C64897D08AE0A345392A7AC | B67: 바탕만들기+유성페인트 붓칠 | C67: 석고보드면 줄퍼티, 1회 1급 | D67: M2 | E67: ='일위대가(총체)'!F481 -> 0 | F67: ='일위대가(총체)'!H481 -> 0 | G67: ='일위대가(총체)'!J481 -> 0 | H67: =E67+F67+G67 -> 0 | I67: 호표 64
A68: 528C12D67C49C9B77B00AC3E53199985 | B68: 바탕만들기+걸레받이용 페인트칠 | C68: 붓칠 2회, con'c·mortar면 | D68: M2 | E68: ='일위대가(총체)'!F488 -> 0 | F68: ='일위대가(총체)'!H488 -> 0 | G68: ='일위대가(총체)'!J488 -> 0 | H68: =E68+F68+G68 -> 0 | I68: 호표 65
A69: 528C12D6621CC9DB8F383F30833E05F0 | B69: 바탕만들기+수성페인트 롤러칠 | C69: 내부, 2회 1급, con'c·mortar면 | D69: M2 | E69: ='일위대가(총체)'!F494 -> 0 | F69: ='일위대가(총체)'!H494 -> 0 | G69: ='일위대가(총체)'!J494 -> 0 | H69: =E69+F69+G69 -> 0 | I69: 호표 66
A70: 528C12D6621CC9DB8F383F30833E05F3 | B70: 바탕만들기+비닐페인트 | C70: 내부, 2회 1급, con'c·mortar면 | D70: M2 | E70: ='일위대가(총체)'!F500 -> 0 | F70: ='일위대가(총체)'!H500 -> 0 | G70: ='일위대가(총체)'!J500 -> 0 | H70: =E70+F70+G70 -> 0 | I70: 호표 67
A71: 528C12C66955695B6091413F13ABD4 | B71: 콘크리트·모르타르면 바탕만들기 | C71: 노무비, 4∼6층 | D71: M2 | E71: ='일위대가(총체)'!F507 -> 0 | F71: ='일위대가(총체)'!H507 -> 0 | G71: ='일위대가(총체)'!J507 -> 0 | H71: =E71+F71+G71 -> 0 | I71: 호표 68
A72: 524BC2468012B98FA39D2C33A33FFB | B72: 세면기 설치 | C72: 폽업/P트랩/앵글밸브/비누대 포함, L-206UD 동등이상 | D72: 조 | E72: ='일위대가(총체)'!F513 -> 0 | F72: ='일위대가(총체)'!H513 -> 0 | G72: ='일위대가(총체)'!J513 -> 0 | H72: =E72+F72+G72 -> 0 | I72: 호표 69
A73: 524BC246804FE9049619C836436B62 | B73: 대변기 설치 | C73: 절수형,로탱크일체형,C-973F 동등이상 | D73: 조 | E73: ='일위대가(총체)'!F519 -> 0 | F73: ='일위대가(총체)'!H519 -> 0 | G73: ='일위대가(총체)'!J519 -> 0 | H73: =E73+F73+G73 -> 0 | I73: 호표 70
A74: 524B32D6D9A2295C3804C238B3B44D | B74: 소변기 설치 | C74: 절수형, 스톨형, 전자감응기 일체형(건전지), C-350(F) 동등이상 | D74: 조 | E74: ='일위대가(총체)'!F525 -> 0 | F74: ='일위대가(총체)'!H525 -> 0 | G74: ='일위대가(총체)'!J525 -> 0 | H74: =E74+F74+G74 -> 0 | I74: 호표 71
A75: 524B32D6D9A2295A0A0948374337BB | B75: 청소수채 설치 | C75: VS-210 동등이상 | D75: 조 | E75: ='일위대가(총체)'!F531 -> 0 | F75: ='일위대가(총체)'!H531 -> 0 | G75: ='일위대가(총체)'!J531 -> 0 | H75: =E75+F75+G75 -> 0 | I75: 호표 72
A76: 524B32D6D991B968B37D5534E374BF | B76: 세면기수전 설치 | C76: 원홀, 싱글레버, KLA-100C 동등이상 | D76: 개 | E76: ='일위대가(총체)'!F537 -> 0 | F76: ='일위대가(총체)'!H537 -> 0 | G76: ='일위대가(총체)'!J537 -> 0 | H76: =E76+F76+G76 -> 0 | I76: 호표 73
A77: 524B32D6D991B968B37D5534E374BD | B77: 샤워기수전 설치 | C77: 벽붙이, 싱글레버, KRS-3000 동등이상 | D77: 개 | E77: ='일위대가(총체)'!F543 -> 0 | F77: ='일위대가(총체)'!H543 -> 0 | G77: ='일위대가(총체)'!J543 -> 0 | H77: =E77+F77+G77 -> 0 | I77: 호표 74
A78: 524B32D6D991B96FE2CC5D3D43F9E2 | B78: 씽크수전설치 | C78: 대붙이, 싱글레버, KSA110-C 동등이상 | D78: 개 | E78: ='일위대가(총체)'!F549 -> 0 | F78: ='일위대가(총체)'!H549 -> 0 | G78: ='일위대가(총체)'!J549 -> 0 | H78: =E78+F78+G78 -> 0 | I78: 호표 75
A79: 524BC246D879E97DFBF229369321AA | B79: 수도꼭지 | C79: 가로꼭지, 15mm, KA-100 동등이상 | D79: 개 | E79: ='일위대가(총체)'!F555 -> 0 | F79: ='일위대가(총체)'!H555 -> 0 | G79: ='일위대가(총체)'!J555 -> 0 | H79: =E79+F79+G79 -> 0 | I79: 호표 76
A80: 524B32D6D98749E0772AA833B3A7D7 | B80: 욕실거울 설치 | C80: 0.5㎡ 미만, 450*600, 5t | D80: 개 | E80: ='일위대가(총체)'!F561 -> 0 | F80: ='일위대가(총체)'!H561 -> 0 | G80: ='일위대가(총체)'!J561 -> 0 | H80: =E80+F80+G80 -> 0 | I80: 호표 77
A81: 524BC246D879E97DFBF229369321AB | B81: 수도꼭지 | C81: 커플링가로꼭지, 15mm, KA-200 동등이상 | D81: 개 | E81: ='일위대가(총체)'!F567 -> 0 | F81: ='일위대가(총체)'!H567 -> 0 | G81: ='일위대가(총체)'!J567 -> 0 | H81: =E81+F81+G81 -> 0 | I81: 호표 78
A82: 524B32D6D98749E3CB2899385314CE | B82: 수건걸이 설치 | C82: BAR 형 | D82: 개 | E82: ='일위대가(총체)'!F572 -> 0 | F82: ='일위대가(총체)'!H572 -> 0 | G82: ='일위대가(총체)'!J572 -> 0 | H82: =E82+F82+G82 -> 0 | I82: 호표 79
A83: 524BC246BDD9C9FDB9D7C93083428724 | B83: 휴지걸이 설치 | C83: SUS제, 노출형 | D83: 개 | E83: ='일위대가(총체)'!F577 -> 0 | F83: ='일위대가(총체)'!H577 -> 0 | G83: ='일위대가(총체)'!J577 -> 0 | H83: =E83+F83+G83 -> 0 | I83: 호표 80
A84: 524B32D6D98749E224FFBD3C833C86E5 | B84: 바닥배수구 설치 | C84: 일반육가, D75, 150*150 | D84: 개 | E84: ='일위대가(총체)'!F583 -> 0 | F84: ='일위대가(총체)'!H583 -> 0 | G84: ='일위대가(총체)'!J583 -> 0 | H84: =E84+F84+G84 -> 0 | I84: 호표 81
A85: 524B32D6D98749E224FFBD3C833C86E6 | B85: 바닥배수구 설치 | C85: 일반육가, 세탁호스겸용, D75, 150*150 | D85: 개 | E85: ='일위대가(총체)'!F589 -> 0 | F85: ='일위대가(총체)'!H589 -> 0 | G85: ='일위대가(총체)'!J589 -> 0 | H85: =E85+F85+G85 -> 0 | I85: 호표 82
A86: 524BC23699BB49CC989AE938E32F7C | B86: 전기온수기 설치 | C86: 800L, 8Kw, 스텐, 감압/안전밸브 포함 | D86: 대 | E86: ='일위대가(총체)'!F595 -> 0 | F86: ='일위대가(총체)'!H595 -> 0 | G86: ='일위대가(총체)'!J595 -> 0 | H86: =E86+F86+G86 -> 0 | I86: 호표 83
A87: 524B0206856D59721C57D63963D654 | B87: 온수순환펌프설치 | C87: 0.35kw, GH-350M 동등이상 | D87: 대 | E87: ='일위대가(총체)'!F602 -> 0 | F87: ='일위대가(총체)'!H602 -> 0 | G87: ='일위대가(총체)'!J602 -> 0 | H87: =E87+F87+G87 -> 0 | I87: 호표 84
A88: 524B22467863B9B02863B433834B32 | B88: 볼밸브설치(스텐, 10kg) | C88: D32 | D88: 개 | E88: ='일위대가(총체)'!F608 -> 0 | F88: ='일위대가(총체)'!H608 -> 0 | G88: ='일위대가(총체)'!J608 -> 0 | H88: =E88+F88+G88 -> 0 | I88: 호표 85
A89: 524B22467863C95A66D2343893CCF6 | B89: 볼밸브설치(스텐, 10kg) | C89: D25 | D89: 개 | E89: ='일위대가(총체)'!F614 -> 0 | F89: ='일위대가(총체)'!H614 -> 0 | G89: ='일위대가(총체)'!J614 -> 0 | H89: =E89+F89+G89 -> 0 | I89: 호표 86
A90: 524B62E64737D90F17847D300379E6 | B90: 스테인리스강관옥내배관 | C90: D32*3.0t | D90: M | E90: ='일위대가(총체)'!F621 -> 0 | F90: ='일위대가(총체)'!H621 -> 0 | G90: ='일위대가(총체)'!J621 -> 0 | H90: =E90+F90+G90 -> 0 | I90: 호표 87
A91: 524B62E64737A9BBD87C753E13CC3D | B91: 스테인리스강관옥내배관 | C91: D25*3.0t | D91: M | E91: ='일위대가(총체)'!F628 -> 0 | F91: ='일위대가(총체)'!H628 -> 0 | G91: ='일위대가(총체)'!J628 -> 0 | H91: =E91+F91+G91 -> 0 | I91: 호표 88
A92: 524B62E64737B940FC602D34831EED | B92: 스테인리스강관옥내배관 | C92: D20*3.0t | D92: M | E92: ='일위대가(총체)'!F635 -> 0 | F92: ='일위대가(총체)'!H635 -> 0 | G92: ='일위대가(총체)'!J635 -> 0 | H92: =E92+F92+G92 -> 0 | I92: 호표 89
A93: 524B62E64737898DDCDCB93C3398A3 | B93: 스테인리스강관옥내배관 | C93: D15*3.0t | D93: M | E93: ='일위대가(총체)'!F642 -> 0 | F93: ='일위대가(총체)'!H642 -> 0 | G93: ='일위대가(총체)'!J642 -> 0 | H93: =E93+F93+G93 -> 0 | I93: 호표 90
A94: 524B0276974FE9D5349B513083F90C | B94: 관보온(아티론. 슈퍼매직303) | C94: 25t*D32 | D94: M | E94: ='일위대가(총체)'!F651 -> 0 | F94: ='일위대가(총체)'!H651 -> 0 | G94: ='일위대가(총체)'!J651 -> 0 | H94: =E94+F94+G94 -> 0 | I94: 호표 91
A95: 524B0276974F99568F2D5E38B3FFF7 | B95: 관보온(아티론. 슈퍼매직303) | C95: 25t*D25 | D95: M | E95: ='일위대가(총체)'!F660 -> 0 | F95: ='일위대가(총체)'!H660 -> 0 | G95: ='일위대가(총체)'!J660 -> 0 | H95: =E95+F95+G95 -> 0 | I95: 호표 92
A96: 524B0276974F894DEFFA0B3453C64D | B96: 관보온(아티론. 슈퍼매직303) | C96: 25t*D20 | D96: M | E96: ='일위대가(총체)'!F669 -> 0 | F96: ='일위대가(총체)'!H669 -> 0 | G96: ='일위대가(총체)'!J669 -> 0 | H96: =E96+F96+G96 -> 0 | I96: 호표 93
A97: 524B0276974FB9197822A232A35D95 | B97: 관보온(아티론. 슈퍼매직303) | C97: 25t*D15 | D97: M | E97: ='일위대가(총체)'!F678 -> 0 | F97: ='일위대가(총체)'!H678 -> 0 | G97: ='일위대가(총체)'!J678 -> 0 | H97: =E97+F97+G97 -> 0 | I97: 호표 94
A98: 524B62E6472529895C2E773B536E9B | B98: 스테인리스용접(TIG) | C98: D32 | D98: 개소 | E98: ='일위대가(총체)'!F685 -> 0 | F98: ='일위대가(총체)'!H685 -> 0 | G98: ='일위대가(총체)'!J685 -> 0 | H98: =E98+F98+G98 -> 0 | I98: 호표 95
A99: 524B62E6472529895C2E70306360C9 | B99: 스테인리스용접(TIG) | C99: D25 | D99: 개소 | E99: ='일위대가(총체)'!F692 -> 0 | F99: ='일위대가(총체)'!H692 -> 0 | G99: ='일위대가(총체)'!J692 -> 0 | H99: =E99+F99+G99 -> 0 | I99: 호표 96
A100: 524B62E6472529895C2E7132D30A2A | B100: 스테인리스용접(TIG) | C100: D20 | D100: 개소 | E100: ='일위대가(총체)'!F699 -> 0 | F100: ='일위대가(총체)'!H699 -> 0 | G100: ='일위대가(총체)'!J699 -> 0 | H100: =E100+F100+G100 -> 0 | I100: 호표 97
...

Sheet 일위대가(총체)
A1: [ 부산역 4층(부고열소) 내부개수 기타공사(총체) ]
A2: 품 명 | B2: 규 격 | C2: 단위 | D2: 수량 | E2: 재 료 비 | G2: 노 무 비 | I2: 경 비 | K2: 합 계 | M2: 비 고 | N2: 일위대가 | O2: 품목코드 | P2: 일위 | Q2: 단산 | R2: 자재 | S2: 손료적용 | T2: 손료저장 | U2: 적용율 | V2: JUK1 | W2: JUK2 | X2: JUK3 | Y2: JUK4 | Z2: JUK5 | AA2: JUK6 | AB2: JUK7 | AC2: JUK8 | AD2: JUK9 | AE2: JUK10 | AF2: JUK11 | AG2: JUK12 | AH2: JUK13 | AI2: JUK14 | AJ2: JUK15 | AK2: JUK16 | AL2: JUK17 | AM2: JUK18 | AN2: JUK19 | AO2: JUK20 | AP2: 할증적용 | AQ2: 할증저장 | AR2: 할증율 | AS2: HAL1 | AT2: HAL2 | AU2: HAL3 | AV2: 자재구분 | AW2: 일위대가+자재 | AX2: 장비일위 | AY2: 설정
E3: 단 가 | F3: 금 액 | G3: 단 가 | H3: 금 액 | I3: 단 가 | J3: 금 액 | K3: 단 가 | L3: 금 액
A4: 콘테이너형 가설사무소 설치 및 해체 3.0*6.0m, 3개월 개소 ( 호표 1 ) | N4: 528CE206FA04C98EB34FCA3743B093
A5: 컨테이너하우스 | B5: 컨테이너하우스, 사무실용, 3.0*6.0*2.6m | C5: 개 | D5: 0.18 | E5: ='단가대비표(총체)'!O107 -> 0 | F5: =TRUNC(E5*D5,1) -> 0 | G5: ='단가대비표(총체)'!P107 -> 0 | H5: =TRUNC(G5*D5,1) -> 0 | I5: ='단가대비표(총체)'!V107 -> 0 | J5: =TRUNC(I5*D5,1) -> 0 | K5: =TRUNC(E5+G5+I5,1) -> 0 | L5: =TRUNC(F5+H5+J5,1) -> 0 | M5: 금액제외 | O5: 55A91276C7E1199B5DDF2A35C342C267C6D383 | P5: F | Q5: F | R5: T | V5: 1 | AW5: 528CE206FA04C98EB34FCA3743B09355A91276C7E1199B5DDF2A35C342C267C6D383 | AY5: -
A6: 콘테이너형 가설건축물 설치 및 해체 | B6: 3.0*6.0m | C6: 개소 | D6: 1 | E6: ='일위대가목록(총체)'!E134 -> 0 | F6: =TRUNC(E6*D6,1) -> 0 | G6: ='일위대가목록(총체)'!F134 -> 0 | H6: =TRUNC(G6*D6,1) -> 0 | I6: ='일위대가목록(총체)'!G134 -> 0 | J6: =TRUNC(I6*D6,1) -> 0 | K6: =TRUNC(E6+G6+I6,1) -> 0 | L6: =TRUNC(F6+H6+J6,1) -> 0 | M6: 금액제외 | O6: 528CE206FA04C98EBB858B3943BAB8 | P6: T | Q6: F | R6: F | V6: 1 | AW6: 528CE206FA04C98EB34FCA3743B093528CE206FA04C98EBB858B3943BAB8 | AY6: -
A7: 경비로 적용 | B7: 합계의 100% | C7: 식 | D7: 1 | E7: 0 | F7: =TRUNC(E7*D7,1) -> 0 | G7: 0 | H7: =TRUNC(G7*D7,1) -> 0 | I7: =TRUNC(SUMIF(V5:V7, RIGHTB(O7, 1), L5:L7)*U7, 2) -> 0 | J7: =TRUNC(I7*D7,1) -> 0 | K7: =TRUNC(E7+G7+I7,1) -> 0 | L7: =TRUNC(F7+H7+J7,1) -> 0 | N7: 528CE206FA04C98EB34FCA3743B093 | O7: 539B22A6953859AA28AAA535B340001 | P7: F | Q7: F | R7: F | S7: 3 | T7: 2 | U7: 1 | AW7: 528CE206FA04C98EB34FCA3743B093539B22A6953859AA28AAA535B340001
A8: [ 합 계 ] | F8: =TRUNC(SUMIF(N5:N7, N4, F5:F7),0) -> 0 | H8: =TRUNC(SUMIF(N5:N7, N4, H5:H7),0) -> 0 | J8: =TRUNC(SUMIF(N5:N7, N4, J5:J7),0) -> 0 | L8: =F8+H8+J8 -> 0 | N8: TOTAL | O8: TOTAL
A10: 콘테이너형 가설창고 설치 및 해체 3.0*6.0m, 3개월 개소 ( 호표 2 ) | N10: 528CE206FA04F95DAB2BC23B235ECF
A11: 컨테이너하우스 | B11: 컨테이너하우스, 창고용, 3.0*6.0*2.6m | C11: 개 | D11: 0.18 | E11: ='단가대비표(총체)'!O108 -> 0 | F11: =TRUNC(E11*D11,1) -> 0 | G11: ='단가대비표(총체)'!P108 -> 0 | H11: =TRUNC(G11*D11,1) -> 0 | I11: ='단가대비표(총체)'!V108 -> 0 | J11: =TRUNC(I11*D11,1) -> 0 | K11: =TRUNC(E11+G11+I11,1) -> 0 | L11: =TRUNC(F11+H11+J11,1) -> 0 | M11: 금액제외 | O11: 55A91276C7E1199B5DDF2A35C342C267C6D5BA | P11: F | Q11: F | R11: T | V11: 1 | AW11: 528CE206FA04F95DAB2BC23B235ECF55A91276C7E1199B5DDF2A35C342C267C6D5BA | AY11: -
A12: 콘테이너형 가설건축물 설치 및 해체 | B12: 3.0*6.0m | C12: 개소 | D12: 1 | E12: ='일위대가목록(총체)'!E134 -> 0 | F12: =TRUNC(E12*D12,1) -> 0 | G12: ='일위대가목록(총체)'!F134 -> 0 | H12: =TRUNC(G12*D12,1) -> 0 | I12: ='일위대가목록(총체)'!G134 -> 0 | J12: =TRUNC(I12*D12,1) -> 0 | K12: =TRUNC(E12+G12+I12,1) -> 0 | L12: =TRUNC(F12+H12+J12,1) -> 0 | M12: 금액제외 | O12: 528CE206FA04C98EBB858B3943BAB8 | P12: T | Q12: F | R12: F | V12: 1 | AW12: 528CE206FA04F95DAB2BC23B235ECF528CE206FA04C98EBB858B3943BAB8 | AY12: -
A13: 경비로 적용 | B13: 합계의 100% | C13: 식 | D13: 1 | E13: 0 | F13: =TRUNC(E13*D13,1) -> 0 | G13: 0 | H13: =TRUNC(G13*D13,1) -> 0 | I13: =TRUNC(SUMIF(V11:V13, RIGHTB(O13, 1), L11:L13)*U13, 2) -> 0 | J13: =TRUNC(I13*D13,1) -> 0 | K13: =TRUNC(E13+G13+I13,1) -> 0 | L13: =TRUNC(F13+H13+J13,1) -> 0 | N13: 528CE206FA04F95DAB2BC23B235ECF | O13: 539B22A6953859AA28AAA535B340001 | P13: F | Q13: F | R13: F | S13: 3 | T13: 2 | U13: 1 | AW13: 528CE206FA04F95DAB2BC23B235ECF539B22A6953859AA28AAA535B340001
A14: [ 합 계 ] | F14: =TRUNC(SUMIF(N11:N13, N10, F11:F13),0) -> 0 | H14: =TRUNC(SUMIF(N11:N13, N10, H11:H13),0) -> 0 | J14: =TRUNC(SUMIF(N11:N13, N10, J11:J13),0) -> 0 | L14: =F14+H14+J14 -> 0 | N14: TOTAL | O14: TOTAL
A16: 건축물 현장정리 목조, 철골조, 조적조 M2 ( 호표 3 ) | N16: 528CE20691B3B972B985053583A21F
A17: 보통인부 | B17: 일반공사 직종 | C17: 인 | D17: 0.05 | E17: ='단가대비표(총체)'!O180 -> 0 | F17: =TRUNC(E17*D17,1) -> 0 | G17: ='단가대비표(총체)'!P180 -> 0 | H17: =TRUNC(G17*D17,1) -> 0 | I17: ='단가대비표(총체)'!V180 -> 0 | J17: =TRUNC(I17*D17,1) -> 0 | K17: =TRUNC(E17+G17+I17,1) -> 0 | L17: =TRUNC(F17+H17+J17,1) -> 0 | N17: 528CE20691B3B972B985053583A21F | O17: 525EB2169A3C69E10E693C3EB327F425525855 | P17: F | Q17: F | R17: T | AW17: 528CE20691B3B972B985053583A21F525EB2169A3C69E10E693C3EB327F425525855
A18: [ 합 계 ] | F18: =TRUNC(SUMIF(N17:N17, N16, F17:F17),0) -> 0 | H18: =TRUNC(SUMIF(N17:N17, N16, H17:H17),0) -> 0 | J18: =TRUNC(SUMIF(N17:N17, N16, J17:J17),0) -> 0 | L18: =F18+H18+J18 -> 0 | N18: TOTAL | O18: TOTAL
A20: 강관 조립말비계(이동식)설치 및 해체 높이 4m, 3개월 대 ( 호표 4 ) | N20: 528CE206CEDAC9860073CE3B53545E
A21: 비계안정장치 | B21: 비계안정장치, 비계기본틀, 기둥, 1.2*1.7m | C21: 개 | D21: 0.24 | E21: ='단가대비표(총체)'!O98 -> 0 | F21: =TRUNC(E21*D21,1) -> 0 | G21: ='단가대비표(총체)'!P98 -> 0 | H21: =TRUNC(G21*D21,1) -> 0 | I21: ='단가대비표(총체)'!V98 -> 0 | J21: =TRUNC(I21*D21,1) -> 0 | K21: =TRUNC(E21+G21+I21,1) -> 0 | L21: =TRUNC(F21+H21+J21,1) -> 0 | N21: 528CE206CEDAC9860073CE3B53545E | O21: 55A91276F387E9FF4D387D3A933811961EBFE0 | P21: F | Q21: F | R21: T | AW21: 528CE206CEDAC9860073CE3B53545E55A91276F387E9FF4D387D3A933811961EBFE0
A22: 비계안정장치 | B22: 비계안정장치, 가새, 1.2*1.9m | C22: 개 | D22: 0.24 | E22: ='단가대비표(총체)'!O99 -> 0 | F22: =TRUNC(E22*D22,1) -> 0 | G22: ='단가대비표(총체)'!P99 -> 0 | H22: =TRUNC(G22*D22,1) -> 0 | I22: ='단가대비표(총체)'!V99 -> 0 | J22: =TRUNC(I22*D22,1) -> 0 | K22: =TRUNC(E22+G22+I22,1) -> 0 | L22: =TRUNC(F22+H22+J22,1) -> 0 | N22: 528CE206CEDAC9860073CE3B53545E | O22: 55A91276F387E9FF4D387D3A933811961EBFEE | P22: F | Q22: F | R22: T | AW22: 528CE206CEDAC9860073CE3B53545E55A91276F387E9FF4D387D3A933811961EBFEE
A23: 비계안정장치 | B23: 비계안정장치, 수평띠장, 1829mm | C23: 개 | D23: 0.48 | E23: ='단가대비표(총체)'!O100 -> 0 | F23: =TRUNC(E23*D23,1) -> 0 | G23: ='단가대비표(총체)'!P100 -> 0 | H23: =TRUNC(G23*D23,1) -> 0 | I23: ='단가대비표(총체)'!V100 -> 0 | J23: =TRUNC(I23*D23,1) -> 0 | K23: =TRUNC(E23+G23+I23,1) -> 0 | L23: =TRUNC(F23+H23+J23,1) -> 0 | N23: 528CE206CEDAC9860073CE3B53545E | O23: 55A91276F387E9FF4D387D3A933811961EB063 | P23: F | Q23: F | R23: T | AW23: 528CE206CEDAC9860073CE3B53545E55A91276F387E9FF4D387D3A933811961EB063
A24: 비계안정장치 | B24: 비계안정장치, 손잡이기둥 | C24: 개 | D24: 0.24 | E24: ='단가대비표(총체)'!O103 -> 0 | F24: =TRUNC(E24*D24,1) -> 0 | G24: ='단가대비표(총체)'!P103 -> 0 | H24: =TRUNC(G24*D24,1) -> 0 | I24: ='단가대비표(총체)'!V103 -> 0 | J24: =TRUNC(I24*D24,1) -> 0 | K24: =TRUNC(E24+G24+I24,1) -> 0 | L24: =TRUNC(F24+H24+J24,1) -> 0 | N24: 528CE206CEDAC9860073CE3B53545E | O24: 55A91276F387E9FF4D387D3A933811961EB064 | P24: F | Q24: F | R24: T | AW24: 528CE206CEDAC9860073CE3B53545E55A91276F387E9FF4D387D3A933811961EB064
A25: 비계안정장치 | B25: 비계안정장치, 손잡이, 1229mm | C25: 개 | D25: 0.12 | E25: ='단가대비표(총체)'!O101 -> 0 | F25: =TRUNC(E25*D25,1) -> 0 | G25: ='단가대비표(총체)'!P101 -> 0 | H25: =TRUNC(G25*D25,1) -> 0 | I25: ='단가대비표(총체)'!V101 -> 0 | J25: =TRUNC(I25*D25,1) -> 0 | K25: =TRUNC(E25+G25+I25,1) -> 0 | L25: =TRUNC(F25+H25+J25,1) -> 0 | N25: 528CE206CEDAC9860073CE3B53545E | O25: 55A91276F387E9FF4D387D3A933811961EB062 | P25: F | Q25: F | R25: T | AW25: 528CE206CEDAC9860073CE3B53545E55A91276F387E9FF4D387D3A933811961EB062
A26: 비계안정장치 | B26: 비계안정장치, 손잡이, 1829mm | C26: 개 | D26: 0.24 | E26: ='단가대비표(총체)'!O102 -> 0 | F26: =TRUNC(E26*D26,1) -> 0 | G26: ='단가대비표(총체)'!P102 -> 0 | H26: =TRUNC(G26*D26,1) -> 0 | I26: ='단가대비표(총체)'!V102 -> 0 | J26: =TRUNC(I26*D26,1) -> 0 | K26: =TRUNC(E26+G26+I26,1) -> 0 | L26: =TRUNC(F26+H26+J26,1) -> 0 | N26: 528CE206CEDAC9860073CE3B53545E | O26: 55A91276F387E9FF4D387D3A933811961EB065 | P26: F | Q26: F | R26: T | AW26: 528CE206CEDAC9860073CE3B53545E55A91276F387E9FF4D387D3A933811961EB065
A27: 비계안정장치 | B27: 비계안정장치, 이음철물, 연결핀 | C27: 개 | D27: 0.48 | E27: ='단가대비표(총체)'!O97 -> 0 | F27: =TRUNC(E27*D27,1) -> 0 | G27: ='단가대비표(총체)'!P97 -> 0 | H27: =TRUNC(G27*D27,1) -> 0 | I27: ='단가대비표(총체)'!V97 -> 0 | J27: =TRUNC(I27*D27,1) -> 0 | K27: =TRUNC(E27+G27+I27,1) -> 0 | L27: =TRUNC(F27+H27+J27,1) -> 0 | N27: 528CE206CEDAC9860073CE3B53545E | O27: 55A91276F387E9FF4D387D3A933811961EBD3E | P27: F | Q27: F | R27: T | AW27: 528CE206CEDAC9860073CE3B53545E55A91276F387E9FF4D387D3A933811961EBD3E
A28: 비계안정장치 | B28: 비계안정장치, 바퀴 | C28: 개 | D28: 0.36 | E28: ='단가대비표(총체)'!O104 -> 0 | F28: =TRUNC(E28*D28,1) -> 0 | G28: ='단가대비표(총체)'!P104 -> 0 | H28: =TRUNC(G28*D28,1) -> 0 | I28: ='단가대비표(총체)'!V104 -> 0 | J28: =TRUNC(I28*D28,1) -> 0 | K28: =TRUNC(E28+G28+I28,1) -> 0 | L28: =TRUNC(F28+H28+J28,1) -> 0 | N28: 528CE206CEDAC9860073CE3B53545E | O28: 55A91276F387E9FF4D387D3A933811961EB067 | P28: F | Q28: F | R28: T | AW28: 528CE206CEDAC9860073CE3B53545E55A91276F387E9FF4D387D3A933811961EB067
A29: 비계안정장치 | B29: 비계안정장치, 쟈키 | C29: 개 | D29: 0.36 | E29: ='단가대비표(총체)'!O105 -> 0 | F29: =TRUNC(E29*D29,1) -> 0 | G29: ='단가대비표(총체)'!P105 -> 0 | H29: =TRUNC(G29*D29,1) -> 0 | I29: ='단가대비표(총체)'!V105 -> 0 | J29: =TRUNC(I29*D29,1) -> 0 | K29: =TRUNC(E29+G29+I29,1) -> 0 | L29: =TRUNC(F29+H29+J29,1) -> 0 | N29: 528CE206CEDAC9860073CE3B53545E | O29: 55A91276F387E9FF4D387D3A933811961EB066 | P29: F | Q29: F | R29: T | AW29: 528CE206CEDAC9860073CE3B53545E55A91276F387E9FF4D387D3A933811961EB066
A30: 비계안정장치 | B30: 비계안정장치, 발판, 40*200*2000 | C30: 장 | D30: 0.63 | E30: ='단가대비표(총체)'!O106 -> 0 | F30: =TRUNC(E30*D30,1) -> 0 | G30: ='단가대비표(총체)'!P106 -> 0 | H30: =TRUNC(G30*D30,1) -> 0 | I30: ='단가대비표(총체)'!V106 -> 0 | J30: =TRUNC(I30*D30,1) -> 0 | K30: =TRUNC(E30+G30+I30,1) -> 0 | L30: =TRUNC(F30+H30+J30,1) -> 0 | N30: 528CE206CEDAC9860073CE3B53545E | O30: 55A91276F387E9FF4D387D3AB3E5A911184850 | P30: F | Q30: F | R30: T | AW30: 528CE206CEDAC9860073CE3B53545E55A91276F387E9FF4D387D3AB3E5A911184850
A31: 강관 조립말비계(이동식)설치 및 해체 | B31: 높이 4m, 노무비 | C31: 대 | D31: 1 | E31: ='일위대가목록(총체)'!E136 -> 0 | F31: =TRUNC(E31*D31,1) -> 0 | G31: ='일위대가목록(총체)'!F136 -> 0 | H31: =TRUNC(G31*D31,1) -> 0 | I31: ='일위대가목록(총체)'!G136 -> 0 | J31: =TRUNC(I31*D31,1) -> 0 | K31: =TRUNC(E31+G31+I31,1) -> 0 | L31: =TRUNC(F31+H31+J31,1) -> 0 | N31: 528CE206CEDAC9860073CE3B53545E | O31: 528CE206CEDAC9860073CC388362E3 | P31: T | Q31: F | R31: F | AW31: 528CE206CEDAC9860073CE3B53545E528CE206CEDAC9860073CC388362E3
A32: [ 합 계 ] | F32: =TRUNC(SUMIF(N21:N31, N20, F21:F31),0) -> 0 | H32: =TRUNC(SUMIF(N21:N31, N20, H21:H31),0) -> 0 | J32: =TRUNC(SUMIF(N21:N31, N20, J21:J31),0) -> 0 | L32: =F32+H32+J32 -> 0 | N32: TOTAL | O32: TOTAL
A34: 시스템비계 설치 및 해체 10m 이하 M2 ( 호표 5 ) | N34: 528CE206CEDAC98602247D3B532581
A35: 비계공 | B35: 일반공사 직종 | C35: 인 | D35: 0.04 | E35: ='단가대비표(총체)'!O182 -> 0 | F35: =TRUNC(E35*D35,1) -> 0 | G35: ='단가대비표(총체)'!P182 -> 0 | H35: =TRUNC(G35*D35,1) -> 0 | I35: ='단가대비표(총체)'!V182 -> 0 | J35: =TRUNC(I35*D35,1) -> 0 | K35: =TRUNC(E35+G35+I35,1) -> 0 | L35: =TRUNC(F35+H35+J35,1) -> 0 | N35: 528CE206CEDAC98602247D3B532581 | O35: 525EB2169A3C69E10E693C3EB327F425525851 | P35: F | Q35: F | R35: T | AW35: 528CE206CEDAC98602247D3B532581525EB2169A3C69E10E693C3EB327F425525851
A36: 보통인부 | B36: 일반공사 직종 | C36: 인 | D36: 0.01 | E36: ='단가대비표(총체)'!O180 -> 0 | F36: =TRUNC(E36*D36,1) -> 0 | G36: ='단가대비표(총체)'!P180 -> 0 | H36: =TRUNC(G36*D36,1) -> 0 | I36: ='단가대비표(총체)'!V180 -> 0 | J36: =TRUNC(I36*D36,1) -> 0 | K36: =TRUNC(E36+G36+I36,1) -> 0 | L36: =TRUNC(F36+H36+J36,1) -> 0 | N36: 528CE206CEDAC98602247D3B532581 | O36: 525EB2169A3C69E10E693C3EB327F425525855 | P36: F | Q36: F | R36: T | AW36: 528CE206CEDAC98602247D3B532581525EB2169A3C69E10E693C3EB327F425525855
A37: [ 합 계 ] | F37: =TRUNC(SUMIF(N35:N36, N34, F35:F36),0) -> 0 | H37: =TRUNC(SUMIF(N35:N36, N34, H35:H36),0) -> 0 | J37: =TRUNC(SUMIF(N35:N36, N34, J35:J36),0) -> 0 | L37: =F37+H37+J37 -> 0 | N37: TOTAL | O37: TOTAL
A39: RPP가설울타리판 설치 설치높이 6m 이하 M ( 호표 6 ) | N39: 528CE206CEF5C913FD184B3B537AB61C
A40: RPP 가설흡음형 방음판 | B40: H-667*40T | C40: ㎡ | D40: 4 | E40: ='단가대비표(총체)'!O35 -> 0 | F40: =TRUNC(E40*D40,1) -> 0 | G40: ='단가대비표(총체)'!P35 -> 0 | H40: =TRUNC(G40*D40,1) -> 0 | I40: ='단가대비표(총체)'!V35 -> 0 | J40: =TRUNC(I40*D40,1) -> 0 | K40: =TRUNC(E40+G40+I40,1) -> 0 | L40: =TRUNC(F40+H40+J40,1) -> 0 | N40: 528CE206CEF5C913FD184B3B537AB61C | O40: 55A91276F33FC9B81C1B63395392CE628CD7387C | P40: F | Q40: F | R40: T | V40: 1 | W40: 2 | AW40: 528CE206CEF5C913FD184B3B537AB61C55A91276F33FC9B81C1B63395392CE628CD7387C
A41: 비계공 | B41: 일반공사 직종 | C41: 인 | D41: 0.03 | E41: ='단가대비표(총체)'!O182 -> 0 | F41: =TRUNC(E41*D41,1) -> 0 | G41: ='단가대비표(총체)'!P182 -> 0 | H41: =TRUNC(G41*D41,1) -> 0 | I41: ='단가대비표(총체)'!V182 -> 0 | J41: =TRUNC(I41*D41,1) -> 0 | K41: =TRUNC(E41+G41+I41,1) -> 0 | L41: =TRUNC(F41+H41+J41,1) -> 0 | M41: 금액제외 | O41: 525EB2169A3C69E10E693C3EB327F425525851 | P41: F | Q41: F | R41: T | V41: 1 | W41: 2 | AW41: 528CE206CEF5C913FD184B3B537AB61C525EB2169A3C69E10E693C3EB327F425525851 | AY41: -
A42: 보통인부 | B42: 일반공사 직종 | C42: 인 | D42: 0.011 | E42: ='단가대비표(총체)'!O180 -> 0 | F42: =TRUNC(E42*D42,1) -> 0 | G42: ='단가대비표(총체)'!P180 -> 0 | H42: =TRUNC(G42*D42,1) -> 0 | I42: ='단가대비표(총체)'!V180 -> 0 | J42: =TRUNC(I42*D42,1) -> 0 | K42: =TRUNC(E42+G42+I42,1) -> 0 | L42: =TRUNC(F42+H42+J42,1) -> 0 | M42: 금액제외 | O42: 525EB2169A3C69E10E693C3EB327F425525855 | P42: F | Q42: F | R42: T | V42: 1 | W42: 2 | AW42: 528CE206CEF5C913FD184B3B537AB61C525EB2169A3C69E10E693C3EB327F425525855 | AY42: -
A43: 공구손료 | B43: 인력품의 3% | C43: 식 | D43: 1 | E43: 0 | F43: =TRUNC(E43*D43,1) -> 0 | G43: 0 | H43: =TRUNC(G43*D43,1) -> 0 | I43: =TRUNC(SUMIF(V40:V44, RIGHTB(O43, 1), H40:H44)*U43, 2) -> 0 | J43: =TRUNC(I43*D43,1) -> 0 | K43: =TRUNC(E43+G43+I43,1) -> 0 | L43: =TRUNC(F43+H43+J43,1) -> 0 | M43: 금액제외 | O43: 539B22A6953859AA28AAA535B340001 | P43: F | Q43: F | R43: F | S43: 1 | T43: 2 | U43: 0.03 | W43: 2 | AW43: 528CE206CEF5C913FD184B3B537AB61C539B22A6953859AA28AAA535B340001 | AY43: -
A44: 경비로 적용 | B44: 합계의 100% | C44: 식 | D44: 1 | E44: 0 | F44: =TRUNC(E44*D44,1) -> 0 | G44: 0 | H44: =TRUNC(G44*D44,1) -> 0 | I44: =TRUNC(SUMIF(W40:W44, RIGHTB(O44, 1), L40:L44)*U44, 2) -> 0 | J44: =TRUNC(I44*D44,1) -> 0 | K44: =TRUNC(E44+G44+I44,1) -> 0 | L44: =TRUNC(F44+H44+J44,1) -> 0 | N44: 528CE206CEF5C913FD184B3B537AB61C | O44: 539B22A6953859AA28AAA535B343002 | P44: F | Q44: F | R44: F | S44: 3 | T44: 2 | U44: 1 | AW44: 528CE206CEF5C913FD184B3B537AB61C539B22A6953859AA28AAA535B343002
A45: [ 합 계 ] | F45: =TRUNC(SUMIF(N40:N44, N39, F40:F44),0) -> 0 | H45: =TRUNC(SUMIF(N40:N44, N39, H40:H44),0) -> 0 | J45: =TRUNC(SUMIF(N40:N44, N39, J40:J44),0) -> 0 | L45: =F45+H45+J45 -> 0 | N45: TOTAL | O45: TOTAL
A47: RPP가설울타리판 해체 설치높이 6m 이하 M ( 호표 7 ) | N47: 528CE206CEF5C913FD184B3B537B5CE1
A48: 비계공 | B48: 일반공사 직종 | C48: 인 | D48: 0.012 | E48: ='단가대비표(총체)'!O182 -> 0 | F48: =TRUNC(E48*D48,1) -> 0 | G48: ='단가대비표(총체)'!P182 -> 0 | H48: =TRUNC(G48*D48,1) -> 0 | I48: ='단가대비표(총체)'!V182 -> 0 | J48: =TRUNC(I48*D48,1) -> 0 | K48: =TRUNC(E48+G48+I48,1) -> 0 | L48: =TRUNC(F48+H48+J48,1) -> 0 | M48: 금액제외 | O48: 525EB2169A3C69E10E693C3EB327F425525851 | P48: F | Q48: F | R48: T | V48: 1 | W48: 2 | AW48: 528CE206CEF5C913FD184B3B537B5CE1525EB2169A3C69E10E693C3EB327F425525851 | AY48: -
A49: 보통인부 | B49: 일반공사 직종 | C49: 인 | D49: 0.005 | E49: ='단가대비표(총체)'!O180 -> 0 | F49: =TRUNC(E49*D49,1) -> 0 | G49: ='단가대비표(총체)'!P180 -> 0 | H49: =TRUNC(G49*D49,1) -> 0 | I49: ='단가대비표(총체)'!V180 -> 0 | J49: =TRUNC(I49*D49,1) -> 0 | K49: =TRUNC(E49+G49+I49,1) -> 0 | L49: =TRUNC(F49+H49+J49,1) -> 0 | M49: 금액제외 | O49: 525EB2169A3C69E10E693C3EB327F425525855 | P49: F | Q49: F | R49: T | V49: 1 | W49: 2 | AW49: 528CE206CEF5C913FD184B3B537B5CE1525EB2169A3C69E10E693C3EB327F425525855 | AY49: -
A50: 공구손료 | B50: 인력품의 3% | C50: 식 | D50: 1 | E50: 0 | F50: =TRUNC(E50*D50,1) -> 0 | G50: 0 | H50: =TRUNC(G50*D50,1) -> 0 | I50: =TRUNC(SUMIF(V48:V51, RIGHTB(O50, 1), H48:H51)*U50, 2) -> 0 | J50: =TRUNC(I50*D50,1) -> 0 | K50: =TRUNC(E50+G50+I50,1) -> 0 | L50: =TRUNC(F50+H50+J50,1) -> 0 | M50: 금액제외 | O50: 539B22A6953859AA28AAA535B340001 | P50: F | Q50: F | R50: F | S50: 1 | T50: 2 | U50: 0.03 | W50: 2 | AW50: 528CE206CEF5C913FD184B3B537B5CE1539B22A6953859AA28AAA535B340001 | AY50: -
A51: 경비로 적용 | B51: 합계의 100% | C51: 식 | D51: 1 | E51: 0 | F51: =TRUNC(E51*D51,1) -> 0 | G51: 0 | H51: =TRUNC(G51*D51,1) -> 0 | I51: =TRUNC(SUMIF(W48:W51, RIGHTB(O51, 1), L48:L51)*U51, 2) -> 0 | J51: =TRUNC(I51*D51,1) -> 0 | K51: =TRUNC(E51+G51+I51,1) -> 0 | L51: =TRUNC(F51+H51+J51,1) -> 0 | N51: 528CE206CEF5C913FD184B3B537B5CE1 | O51: 539B22A6953859AA28AAA535B343002 | P51: F | Q51: F | R51: F | S51: 3 | T51: 2 | U51: 1 | AW51: 528CE206CEF5C913FD184B3B537B5CE1539B22A6953859AA28AAA535B343002
A52: [ 합 계 ] | F52: =TRUNC(SUMIF(N48:N51, N47, F48:F51),0) -> 0 | H52: =TRUNC(SUMIF(N48:N51, N47, H48:H51),0) -> 0 | J52: =TRUNC(SUMIF(N48:N51, N47, J48:J51),0) -> 0 | L52: =F52+H52+J52 -> 0 | N52: TOTAL | O52: TOTAL
A54: 1.0B 벽돌쌓기 3.6m 초과 M2 ( 호표 8 ) | N54: 528C9286A920C9AA1212993083EF9B
A55: 조적공 | B55: 일반공사 직종 | C55: 인 | D55: 0.26 | E55: ='단가대비표(총체)'!O187 -> 0 | F55: =TRUNC(E55*D55,1) -> 0 | G55: ='단가대비표(총체)'!P187 -> 0 | H55: =TRUNC(G55*D55,1) -> 0 | I55: ='단가대비표(총체)'!V187 -> 0 | J55: =TRUNC(I55*D55,1) -> 0 | K55: =TRUNC(E55+G55+I55,1) -> 0 | L55: =TRUNC(F55+H55+J55,1) -> 0 | N55: 528C9286A920C9AA1212993083EF9B | O55: 525EB2169A3C69E10E693C3EB327F425525A05 | P55: F | Q55: F | R55: T | V55: 1 | AW55: 528C9286A920C9AA1212993083EF9B525EB2169A3C69E10E693C3EB327F425525A05
A56: 보통인부 | B56: 일반공사 직종 | C56: 인 | D56: 0.08 | E56: ='단가대비표(총체)'!O180 -> 0 | F56: =TRUNC(E56*D56,1) -> 0 | G56: ='단가대비표(총체)'!P180 -> 0 | H56: =TRUNC(G56*D56,1) -> 0 | I56: ='단가대비표(총체)'!V180 -> 0 | J56: =TRUNC(I56*D56,1) -> 0 | K56: =TRUNC(E56+G56+I56,1) -> 0 | L56: =TRUNC(F56+H56+J56,1) -> 0 | N56: 528C9286A920C9AA1212993083EF9B | O56: 525EB2169A3C69E10E693C3EB327F425525855 | P56: F | Q56: F | R56: T | V56: 1 | AW56: 528C9286A920C9AA1212993083EF9B525EB2169A3C69E10E693C3EB327F425525855
A57: 공구손료 | B57: 인력품의 2% | C57: 식 | D57: 1 | E57: 0 | F57: =TRUNC(E57*D57,1) -> 0 | G57: 0 | H57: =TRUNC(G57*D57,1) -> 0 | I57: =TRUNC(SUMIF(V55:V58, RIGHTB(O57, 1), H55:H58)*U57, 2) -> 0 | J57: =TRUNC(I57*D57,1) -> 0 | K57: =TRUNC(E57+G57+I57,1) -> 0 | L57: =TRUNC(F57+H57+J57,1) -> 0 | N57: 528C9286A920C9AA1212993083EF9B | O57: 539B22A6953859AA28AAA535B340001 | P57: F | Q57: F | R57: F | S57: 1 | T57: 2 | U57: 0.02 | AW57: 528C9286A920C9AA1212993083EF9B539B22A6953859AA28AAA535B340001
A58: 모르타르 배합(배합품 포함) | B58: 배합용적비 1:3, 시멘트, 모래 포함 | C58: M3 | D58: 0.049 | E58: ='일위대가목록(총체)'!E137 -> 0 | F58: =TRUNC(E58*D58,1) -> 0 | G58: ='일위대가목록(총체)'!F137 -> 0 | H58: =TRUNC(G58*D58,1) -> 0 | I58: ='일위대가목록(총체)'!G137 -> 0 | J58: =TRUNC(I58*D58,1) -> 0 | K58: =TRUNC(E58+G58+I58,1) -> 0 | L58: =TRUNC(F58+H58+J58,1) -> 0 | N58: 528C9286A920C9AA1212993083EF9B | O58: 528C82A6506BC9BC97971833A3AFCC | P58: T | Q58: F | R58: F | AW58: 528C9286A920C9AA1212993083EF9B528C82A6506BC9BC97971833A3AFCC
A59: [ 합 계 ] | F59: =TRUNC(SUMIF(N55:N58, N54, F55:F58),0) -> 0 | H59: =TRUNC(SUMIF(N55:N58, N54, H55:H58),0) -> 0 | J59: =TRUNC(SUMIF(N55:N58, N54, J55:J58),0) -> 0 | L59: =F59+H59+J59 -> 0 | N59: TOTAL | O59: TOTAL
A61: 벽돌운반 인력, 4층 천매 ( 호표 9 ) | N61: 528C9286A90419EA3F99A93D539B80
A62: 보통인부 | B62: 일반공사 직종 | C62: 인 | D62: 0.96 | E62: ='단가대비표(총체)'!O180 -> 0 | F62: =TRUNC(E62*D62,1) -> 0 | G62: ='단가대비표(총체)'!P180 -> 0 | H62: =TRUNC(G62*D62,1) -> 0 | I62: ='단가대비표(총체)'!V180 -> 0 | J62: =TRUNC(I62*D62,1) -> 0 | K62: =TRUNC(E62+G62+I62,1) -> 0 | L62: =TRUNC(F62+H62+J62,1) -> 0 | N62: 528C9286A90419EA3F99A93D539B80 | O62: 525EB2169A3C69E10E693C3EB327F425525855 | P62: F | Q62: F | R62: T | AW62: 528C9286A90419EA3F99A93D539B80525EB2169A3C69E10E693C3EB327F425525855
A63: [ 합 계 ] | F63: =TRUNC(SUMIF(N62:N62, N61, F62:F62),0) -> 0 | H63: =TRUNC(SUMIF(N62:N62, N61, H62:H62),0) -> 0 | J63: =TRUNC(SUMIF(N62:N62, N61, J62:J62),0) -> 0 | L63: =F63+H63+J63 -> 0 | N63: TOTAL | O63: TOTAL
A65: 모르타르 바름 내벽, 18mm, 3.6m 초과 M2 ( 호표 10 ) | N65: 528C82A6506BD9409745C83ED332CF
A66: 모르타르 배합(배합품 포함) | B66: 배합용적비 1:3, 시멘트, 모래 포함 | C66: M3 | D66: 0.018 | E66: ='일위대가목록(총체)'!E137 -> 0 | F66: =TRUNC(E66*D66,1) -> 0 | G66: ='일위대가목록(총체)'!F137 -> 0 | H66: =TRUNC(G66*D66,1) -> 0 | I66: ='일위대가목록(총체)'!G137 -> 0 | J66: =TRUNC(I66*D66,1) -> 0 | K66: =TRUNC(E66+G66+I66,1) -> 0 | L66: =TRUNC(F66+H66+J66,1) -> 0 | N66: 528C82A6506BD9409745C83ED332CF | O66: 528C82A6506BC9BC97971833A3AFCC | P66: T | Q66: F | R66: F | AW66: 528C82A6506BD9409745C83ED332CF528C82A6506BC9BC97971833A3AFCC
A67: 모르타르 바름 | B67: 3.6m 초과, 3회(T=24mm 이하 기준) | C67: M2 | D67: 1 | E67: ='일위대가목록(총체)'!E138 -> 0 | F67: =TRUNC(E67*D67,1) -> 0 | G67: ='일위대가목록(총체)'!F138 -> 0 | H67: =TRUNC(G67*D67,1) -> 0 | I67: ='일위대가목록(총체)'!G138 -> 0 | J67: =TRUNC(I67*D67,1) -> 0 | K67: =TRUNC(E67+G67+I67,1) -> 0 | L67: =TRUNC(F67+H67+J67,1) -> 0 | N67: 528C82A6506BD9409745C83ED332CF | O67: 528C82A6506BD942426D4A3F830754 | P67: T | Q67: F | R67: F | AW67: 528C82A6506BD9409745C83ED332CF528C82A6506BD942426D4A3F830754
A68: [ 합 계 ] | F68: =TRUNC(SUMIF(N66:N67, N65, F66:F67),0) -> 0 | H68: =TRUNC(SUMIF(N66:N67, N65, H66:H67),0) -> 0 | J68: =TRUNC(SUMIF(N66:N67, N65, J66:J67),0) -> 0 | L68: =F68+H68+J68 -> 0 | N68: TOTAL | O68: TOTAL
A70: 구배모르타르 바름 바닥, 24mm M2 ( 호표 11 ) | N70: 528C82A6506BF97316C7B53683AF23E0
A71: 모르타르 배합(배합품 포함) | B71: 배합용적비 1:5, 시멘트, 모래 포함 | C71: M3 | D71: 0.024 | E71: ='일위대가목록(총체)'!E139 -> 0 | F71: =TRUNC(E71*D71,1) -> 0 | G71: ='일위대가목록(총체)'!F139 -> 0 | H71: =TRUNC(G71*D71,1) -> 0 | I71: ='일위대가목록(총체)'!G139 -> 0 | J71: =TRUNC(I71*D71,1) -> 0 | K71: =TRUNC(E71+G71+I71,1) -> 0 | L71: =TRUNC(F71+H71+J71,1) -> 0 | N71: 528C82A6506BF97316C7B53683AF23E0 | O71: 528C82A6506BC9BC97971E34337A17 | P71: T | Q71: F | R71: F | AW71: 528C82A6506BF97316C7B53683AF23E0528C82A6506BC9BC97971E34337A17
A72: 바탕 고르기 | B72: 바닥, 24mm 이하 기준 | C72: M2 | D72: 1 | E72: ='일위대가목록(총체)'!E140 -> 0 | F72: =TRUNC(E72*D72,1) -> 0 | G72: ='일위대가목록(총체)'!F140 -> 0 | H72: =TRUNC(G72*D72,1) -> 0 | I72: ='일위대가목록(총체)'!G140 -> 0 | J72: =TRUNC(I72*D72,1) -> 0 | K72: =TRUNC(E72+G72+I72,1) -> 0 | L72: =TRUNC(F72+H72+J72,1) -> 0 | N72: 528C82A6506BF97316C7B53683AF23E0 | O72: 528C2236DDB5B9AAC06AAF3BF3C2FD | P72: T | Q72: F | R72: F | AW72: 528C82A6506BF97316C7B53683AF23E0528C2236DDB5B9AAC06AAF3BF3C2FD
A73: [ 합 계 ] | F73: =TRUNC(SUMIF(N71:N72, N70, F71:F72),0) -> 0 | H73: =TRUNC(SUMIF(N71:N72, N70, H71:H72),0) -> 0 | J73: =TRUNC(SUMIF(N71:N72, N70, J71:J72),0) -> 0 | L73: =F73+H73+J73 -> 0 | N73: TOTAL | O73: TOTAL
A75: 모르타르 바름 바닥, 30mm M2 ( 호표 12 ) | N75: 528C82A6506BF97316C7B53693B2BA
A76: 모르타르 배합(배합품 포함) | B76: 배합용적비 1:3, 시멘트, 모래 포함 | C76: M3 | D76: 0.03 | E76: ='일위대가목록(총체)'!E137 -> 0 | F76: =TRUNC(E76*D76,1) -> 0 | G76: ='일위대가목록(총체)'!F137 -> 0 | H76: =TRUNC(G76*D76,1) -> 0 | I76: ='일위대가목록(총체)'!G137 -> 0 | J76: =TRUNC(I76*D76,1) -> 0 | K76: =TRUNC(E76+G76+I76,1) -> 0 | L76: =TRUNC(F76+H76+J76,1) -> 0 | N76: 528C82A6506BF97316C7B53693B2BA | O76: 528C82A6506BC9BC97971833A3AFCC | P76: T | Q76: F | R76: F | AW76: 528C82A6506BF97316C7B53693B2BA528C82A6506BC9BC97971833A3AFCC
A77: 바탕 고르기 | B77: 바닥, 24mm 이하 기준 | C77: M2 | D77: 1 | E77: ='일위대가목록(총체)'!E140 -> 0 | F77: =TRUNC(E77*D77,1) -> 0 | G77: ='일위대가목록(총체)'!F140 -> 0 | H77: =TRUNC(G77*D77,1) -> 0 | I77: ='일위대가목록(총체)'!G140 -> 0 | J77: =TRUNC(I77*D77,1) -> 0 | K77: =TRUNC(E77+G77+I77,1) -> 0 | L77: =TRUNC(F77+H77+J77,1) -> 0 | N77: 528C82A6506BF97316C7B53693B2BA | O77: 528C2236DDB5B9AAC06AAF3BF3C2FD | P77: T | Q77: F | R77: F | AW77: 528C82A6506BF97316C7B53693B2BA528C2236DDB5B9AAC06AAF3BF3C2FD
A78: [ 합 계 ] | F78: =TRUNC(SUMIF(N76:N77, N75, F76:F77),0) -> 0 | H78: =TRUNC(SUMIF(N76:N77, N75, H76:H77),0) -> 0 | J78: =TRUNC(SUMIF(N76:N77, N75, J76:J77),0) -> 0 | L78: =F78+H78+J78 -> 0 | N78: TOTAL | O78: TOTAL
A80: 자동 수평 모르타르 바름 바닥 10T M2 ( 호표 13 ) | N80: 528C82A6506BF908FCCB2A3A031E5119
A81: 프라이머 | B81: 수평모르타르용 | C81: L | D81: 0.16 | E81: ='단가대비표(총체)'!O29 -> 0 | F81: =TRUNC(E81*D81,1) -> 0 | G81: ='단가대비표(총체)'!P29 -> 0 | H81: =TRUNC(G81*D81,1) -> 0 | I81: ='단가대비표(총체)'!V29 -> 0 | J81: =TRUNC(I81*D81,1) -> 0 | K81: =TRUNC(E81+G81+I81,1) -> 0 | L81: =TRUNC(F81+H81+J81,1) -> 0 | N81: 528C82A6506BF908FCCB2A3A031E5119 | O81: 55A91276F3028904F6209D3F8351548E881B4D88 | P81: F | Q81: F | R81: T | AW81: 528C82A6506BF908FCCB2A3A031E511955A91276F3028904F6209D3F8351548E881B4D88
A82: S/L재 | B82: 무기질불연바닥재 | C82: ㎏ | D82: 15 | E82: ='단가대비표(총체)'!O30 -> 0 | F82: =TRUNC(E82*D82,1) -> 0 | G82: ='단가대비표(총체)'!P30 -> 0 | H82: =TRUNC(G82*D82,1) -> 0 | I82: ='단가대비표(총체)'!V30 -> 0 | J82: =TRUNC(I82*D82,1) -> 0 | K82: =TRUNC(E82+G82+I82,1) -> 0 | L82: =TRUNC(F82+H82+J82,1) -> 0 | N82: 528C82A6506BF908FCCB2A3A031E5119 | O82: 55A91276F3028904F6209D3F8351548E881B4D8B | P82: F | Q82: F | R82: T | AW82: 528C82A6506BF908FCCB2A3A031E511955A91276F3028904F6209D3F8351548E881B4D8B
A83: 미장공 | B83: 일반공사 직종 | C83: 인 | D83: 0.03 | E83: ='단가대비표(총체)'!O192 -> 0 | F83: =TRUNC(E83*D83,1) -> 0 | G83: ='단가대비표(총체)'!P192 -> 0 | H83: =TRUNC(G83*D83,1) -> 0 | I83: ='단가대비표(총체)'!V192 -> 0 | J83: =TRUNC(I83*D83,1) -> 0 | K83: =TRUNC(E83+G83+I83,1) -> 0 | L83: =TRUNC(F83+H83+J83,1) -> 0 | N83: 528C82A6506BF908FCCB2A3A031E5119 | O83: 525EB2169A3C69E10E693C3EB327F425525A03 | P83: F | Q83: F | R83: T | AW83: 528C82A6506BF908FCCB2A3A031E5119525EB2169A3C69E10E693C3EB327F425525A03
A84: 보통인부 | B84: 일반공사 직종 | C84: 인 | D84: 0.03 | E84: ='단가대비표(총체)'!O180 -> 0 | F84: =TRUNC(E84*D84,1) -> 0 | G84: ='단가대비표(총체)'!P180 -> 0 | H84: =TRUNC(G84*D84,1) -> 0 | I84: ='단가대비표(총체)'!V180 -> 0 | J84: =TRUNC(I84*D84,1) -> 0 | K84: =TRUNC(E84+G84+I84,1) -> 0 | L84: =TRUNC(F84+H84+J84,1) -> 0 | N84: 528C82A6506BF908FCCB2A3A031E5119 | O84: 525EB2169A3C69E10E693C3EB327F425525855 | P84: F | Q84: F | R84: T | AW84: 528C82A6506BF908FCCB2A3A031E5119525EB2169A3C69E10E693C3EB327F425525855
A85: [ 합 계 ] | F85: =TRUNC(SUMIF(N81:N84, N80, F81:F84),0) -> 0 | H85: =TRUNC(SUMIF(N81:N84, N80, H81:H84),0) -> 0 | J85: =TRUNC(SUMIF(N81:N84, N80, J81:J84),0) -> 0 | L85: =F85+H85+J85 -> 0 | N85: TOTAL | O85: TOTAL
A87: 타일 떠붙이기(바탕 24mm) 벽, 0.11∼0.20 이하, 백색줄눈 M2 ( 호표 14 ) | N87: 528C2236DDB5A9868959173153EBC0
A88: 모르타르 배합(배합품 포함) | B88: 배합용적비 1:3, 시멘트, 모래 포함 | C88: M3 | D88: 0.026 | E88: ='일위대가목록(총체)'!E137 -> 0 | F88: =TRUNC(E88*D88,1) -> 0 | G88: ='일위대가목록(총체)'!F137 -> 0 | H88: =TRUNC(G88*D88,1) -> 0 | I88: ='일위대가목록(총체)'!G137 -> 0 | J88: =TRUNC(I88*D88,1) -> 0 | K88: =TRUNC(E88+G88+I88,1) -> 0 | L88: =TRUNC(F88+H88+J88,1) -> 0 | N88: 528C2236DDB5A9868959173153EBC0 | O88: 528C82A6506BC9BC97971833A3AFCC | P88: T | Q88: F | R88: F | AW88: 528C2236DDB5A9868959173153EBC0528C82A6506BC9BC97971833A3AFCC
A89: 줄눈 모르타르(배합품 포함) | B89: 배합용적비 1:1(백시멘트), 모래 포함 | C89: M3 | D89: 0.005 | E89: ='일위대가목록(총체)'!E141 -> 0 | F89: =TRUNC(E89*D89,1) -> 0 | G89: ='일위대가목록(총체)'!F141 -> 0 | H89: =TRUNC(G89*D89,1) -> 0 | I89: ='일위대가목록(총체)'!G141 -> 0 | J89: =TRUNC(I89*D89,1) -> 0 | K89: =TRUNC(E89+G89+I89,1) -> 0 | L89: =TRUNC(F89+H89+J89,1) -> 0 | N89: 528C2236DDB5A9868959173153EBC0 | O89: 528C2236DDB5A9868959133B939318 | P89: T | Q89: F | R89: F | AW89: 528C2236DDB5A9868959173153EBC0528C2236DDB5A9868959133B939318
A90: 타일 붙임 / 떠붙이기 | B90: 타일규격 m2, 0.11 ~ 0.20 이하 | C90: M2 | D90: 1 | E90: ='일위대가목록(총체)'!E142 -> 0 | F90: =TRUNC(E90*D90,1) -> 0 | G90: ='일위대가목록(총체)'!F142 -> 0 | H90: =TRUNC(G90*D90,1) -> 0 | I90: ='일위대가목록(총체)'!G142 -> 0 | J90: =TRUNC(I90*D90,1) -> 0 | K90: =TRUNC(E90+G90+I90,1) -> 0 | L90: =TRUNC(F90+H90+J90,1) -> 0 | N90: 528C2236DDB5A9868959173153EBC0 | O90: 528C2236DDB5A98689503434330364 | P90: T | Q90: F | R90: F | AW90: 528C2236DDB5A9868959173153EBC0528C2236DDB5A98689503434330364
A91: 타일줄눈 설치 / 벽면 | B91: 타일규격 m2, 0.11 ~ 0.20 이하 | C91: M2 | D91: 1 | E91: ='일위대가목록(총체)'!E143 -> 0 | F91: =TRUNC(E91*D91,1) -> 0 | G91: ='일위대가목록(총체)'!F143 -> 0 | H91: =TRUNC(G91*D91,1) -> 0 | I91: ='일위대가목록(총체)'!G143 -> 0 | J91: =TRUNC(I91*D91,1) -> 0 | K91: =TRUNC(E91+G91+I91,1) -> 0 | L91: =TRUNC(F91+H91+J91,1) -> 0 | N91: 528C2236DDB5A9868959173153EBC0 | O91: 528C2236DDB5294E1C435731A32F9E | P91: T | Q91: F | R91: F | AW91: 528C2236DDB5A9868959173153EBC0528C2236DDB5294E1C435731A32F9E
A92: [ 합 계 ] | F92: =TRUNC(SUMIF(N88:N91, N87, F88:F91),0) -> 0 | H92: =TRUNC(SUMIF(N88:N91, N87, H88:H91),0) -> 0 | J92: =TRUNC(SUMIF(N88:N91, N87, J88:J91),0) -> 0 | L92: =F92+H92+J92 -> 0 | N92: TOTAL | O92: TOTAL
A94: 타일 압착 붙이기(바탕 12mm+압 5mm) 바닥, 300*300(타일C, 백색줄눈) M2 ( 호표 15 ) | N94: 528C2236DD9AF9FF62219F3BB320A3
A95: 모르타르 배합(배합품 포함) | B95: 배합용적비 1:3, 시멘트, 모래 포함 | C95: M3 | D95: 0.012 | E95: ='일위대가목록(총체)'!E137 -> 0 | F95: =TRUNC(E95*D95,1) -> 0 | G95: ='일위대가목록(총체)'!F137 -> 0 | H95: =TRUNC(G95*D95,1) -> 0 | I95: ='일위대가목록(총체)'!G137 -> 0 | J95: =TRUNC(I95*D95,1) -> 0 | K95: =TRUNC(E95+G95+I95,1) -> 0 | L95: =TRUNC(F95+H95+J95,1) -> 0 | N95: 528C2236DD9AF9FF62219F3BB320A3 | O95: 528C82A6506BC9BC97971833A3AFCC | P95: T | Q95: F | R95: F | AW95: 528C2236DD9AF9FF62219F3BB320A3528C82A6506BC9BC97971833A3AFCC
A96: 바탕 고르기 | B96: 바닥, 24mm 이하 기준 | C96: M2 | D96: 1 | E96: ='일위대가목록(총체)'!E140 -> 0 | F96: =TRUNC(E96*D96,1) -> 0 | G96: ='일위대가목록(총체)'!F140 -> 0 | H96: =TRUNC(G96*D96,1) -> 0 | I96: ='일위대가목록(총체)'!G140 -> 0 | J96: =TRUNC(I96*D96,1) -> 0 | K96: =TRUNC(E96+G96+I96,1) -> 0 | L96: =TRUNC(F96+H96+J96,1) -> 0 | N96: 528C2236DD9AF9FF62219F3BB320A3 | O96: 528C2236DDB5B9AAC06AAF3BF3C2FD | P96: T | Q96: F | R96: F | AW96: 528C2236DD9AF9FF62219F3BB320A3528C2236DDB5B9AAC06AAF3BF3C2FD
A97: 압착 붙이기, 바닥면, 바름두께 5mm | B97: 0.04∼0.10 이하, 타일C, 백색줄눈 | C97: M2 | D97: 1 | E97: ='일위대가목록(총체)'!E144 -> 0 | F97: =TRUNC(E97*D97,1) -> 0 | G97: ='일위대가목록(총체)'!F144 -> 0 | H97: =TRUNC(G97*D97,1) -> 0 | I97: ='일위대가목록(총체)'!G144 -> 0 | J97: =TRUNC(I97*D97,1) -> 0 | K97: =TRUNC(E97+G97+I97,1) -> 0 | L97: =TRUNC(F97+H97+J97,1) -> 0 | N97: 528C2236DD9AF9FF62219F3BB320A3 | O97: 528C2236DD9AF9FE41BC7E30F371B2 | P97: T | Q97: F | R97: F | AW97: 528C2236DD9AF9FF62219F3BB320A3528C2236DD9AF9FE41BC7E30F371B2
A98: [ 합 계 ] | F98: =TRUNC(SUMIF(N95:N97, N94, F95:F97),0) -> 0 | H98: =TRUNC(SUMIF(N95:N97, N94, H95:H97),0) -> 0 | J98: =TRUNC(SUMIF(N95:N97, N94, J95:J97),0) -> 0 | L98: =F98+H98+J98 -> 0 | N98: TOTAL | O98: TOTAL
A100: 화강석 두겁돌(습식, 물갈기) 창대, 마천석 120*30mm, 모르타르 30mm M ( 호표 16 ) | N100: 528C2236EE62B987D089DD3563E2B14D
A101: 자연석판석 | B101: 자연석판석, 물갈기, 30mm, 마천석판재 | C101: M2 | D101: 0.143 | E101: ='단가대비표(총체)'!O37 -> 0 | F101: =TRUNC(E101*D101,1) -> 0 | G101: ='단가대비표(총체)'!P37 -> 0 | H101: =TRUNC(G101*D101,1) -> 0 | I101: ='단가대비표(총체)'!V37 -> 0 | J101: =TRUNC(I101*D101,1) -> 0 | K101: =TRUNC(E101+G101+I101,1) -> 0 | L101: =TRUNC(F101+H101+J101,1) -> 0 | N101: 528C2236EE62B987D089DD3563E2B14D | O101: 55A91276F32D69BBC5532D3273B066BB6B8E6B | P101: F | Q101: F | R101: T | AW101: 528C2236EE62B987D089DD3563E2B14D55A91276F32D69BBC5532D3273B066BB6B8E6B
A102: 모르타르비빔 - 돌붙임(바닥) | B102: 배합용적비 1:3, 시멘트, 모래 포함 | C102: M3 | D102: 0.003 | E102: ='일위대가목록(총체)'!E147 -> 0 | F102: =TRUNC(E102*D102,1) -> 0 | G102: ='일위대가목록(총체)'!F147 -> 0 | H102: =TRUNC(G102*D102,1) -> 0 | I102: ='일위대가목록(총체)'!G147 -> 0 | J102: =TRUNC(I102*D102,1) -> 0 | K102: =TRUNC(E102+G102+I102,1) -> 0 | L102: =TRUNC(F102+H102+J102,1) -> 0 | N102: 528C2236EE62B987D089DD3563E2B14D | O102: 528C2236EE1A69F82970903B232536 | P102: T | Q102: F | R102: F | AW102: 528C2236EE62B987D089DD3563E2B14D528C2236EE1A69F82970903B232536
A103: 습식공법 - 화강석 | B103: 바닥, 자재 별도 | C103: M2 | D103: 0.1 | E103: ='일위대가목록(총체)'!E148 -> 0 | F103: =TRUNC(E103*D103,1) -> 0 | G103: ='일위대가목록(총체)'!F148 -> 0 | H103: =TRUNC(G103*D103,1) -> 0 | I103: ='일위대가목록(총체)'!G148 -> 0 | J103: =TRUNC(I103*D103,1) -> 0 | K103: =TRUNC(E103+G103+I103,1) -> 0 | L103: =TRUNC(F103+H103+J103,1) -> 0 | N103: 528C2236EE62B987D089DD3563E2B14D | O103: 528C2236EE24F910D60F8830F3C86F | P103: T | Q103: F | R103: F | AW103: 528C2236EE62B987D089DD3563E2B14D528C2236EE24F910D60F8830F3C86F
A104: [ 합 계 ] | F104: =TRUNC(SUMIF(N101:N103, N100, F101:F103),0) -> 0 | H104: =TRUNC(SUMIF(N101:N103, N100, H101:H103),0) -> 0 | J104: =TRUNC(SUMIF(N101:N103, N100, J101:J103),0) -> 0 | L104: =F104+H104+J104 -> 0 | N104: TOTAL | O104: TOTAL
A106: 수용성 고무화 아스팔트방수 바닥, 비노출 M2 ( 호표 17 ) | N106: 528C72B6D26AD9C653490E35E304BB
A107: 아스팔트방수재 | B107: 수용성 아스팔트 프라이머 AP-100 | C107: KG | D107: 0.4 | E107: ='단가대비표(총체)'!O20 -> 0 | F107: =TRUNC(E107*D107,1) -> 0 | G107: ='단가대비표(총체)'!P20 -> 0 | H107: =TRUNC(G107*D107,1) -> 0 | I107: ='단가대비표(총체)'!V20 -> 0 | J107: =TRUNC(I107*D107,1) -> 0 | K107: =TRUNC(E107+G107+I107,1) -> 0 | L107: =TRUNC(F107+H107+J107,1) -> 0 | N107: 528C72B6D26AD9C653490E35E304BB | O107: 558E12D6469EC95917239132F3FC139EBC440F | P107: F | Q107: F | R107: T | V107: 1 | AW107: 528C72B6D26AD9C653490E35E304BB558E12D6469EC95917239132F3FC139EBC440F
A108: 아스팔트방수재 | B108: 수용성 고무화아스팔트 AP-300 | C108: KG | D108: 2.5 | E108: ='단가대비표(총체)'!O19 -> 0 | F108: =TRUNC(E108*D108,1) -> 0 | G108: ='단가대비표(총체)'!P19 -> 0 | H108: =TRUNC(G108*D108,1) -> 0 | I108: ='단가대비표(총체)'!V19 -> 0 | J108: =TRUNC(I108*D108,1) -> 0 | K108: =TRUNC(E108+G108+I108,1) -> 0 | L108: =TRUNC(F108+H108+J108,1) -> 0 | N108: 528C72B6D26AD9C653490E35E304BB | O108: 558E12D6469EC95917239132F3FC139EBC440C | P108: F | Q108: F | R108: T | V108: 1 | AW108: 528C72B6D26AD9C653490E35E304BB558E12D6469EC95917239132F3FC139EBC440C
A109: 아스팔트방수재 | B109: 보강포 | C109: KG | D109: 1.2 | E109: ='단가대비표(총체)'!O21 -> 0 | F109: =TRUNC(E109*D109,1) -> 0 | G109: ='단가대비표(총체)'!P21 -> 0 | H109: =TRUNC(G109*D109,1) -> 0 | I109: ='단가대비표(총체)'!V21 -> 0 | J109: =TRUNC(I109*D109,1) -> 0 | K109: =TRUNC(E109+G109+I109,1) -> 0 | L109: =TRUNC(F109+H109+J109,1) -> 0 | N109: 528C72B6D26AD9C653490E35E304BB | O109: 558E12D6469EC95917239132F3FC139EBC440E | P109: F | Q109: F | R109: T | V109: 1 | AW109: 528C72B6D26AD9C653490E35E304BB558E12D6469EC95917239132F3FC139EBC440E
A110: 잡재료 | B110: 주재료비의 2% | C110: 식 | D110: 1 | E110: =TRUNC(SUMIF(V107:V114, RIGHTB(O110, 1), F107:F114)*U110, 2) -> 0 | F110: =TRUNC(E110*D110,1) -> 0 | G110: 0 | H110: =TRUNC(G110*D110,1) -> 0 | I110: 0 | J110: =TRUNC(I110*D110,1) -> 0 | K110: =TRUNC(E110+G110+I110,1) -> 0 | L110: =TRUNC(F110+H110+J110,1) -> 0 | N110: 528C72B6D26AD9C653490E35E304BB | O110: 539B22A6953859AA28AAA535B340001 | P110: F | Q110: F | R110: F | S110: 0 | T110: 0 | U110: 0.02 | AW110: 528C72B6D26AD9C653490E35E304BB539B22A6953859AA28AAA535B340001
A111: 바탕처리 - 23-1/4 삭제 | B111: 바닥 | C111: M2 | D111: 1 | E111: ='일위대가목록(총체)'!E150 -> 0 | F111: =TRUNC(E111*D111,1) -> 0 | G111: ='일위대가목록(총체)'!F150 -> 0 | H111: =TRUNC(G111*D111,1) -> 0 | I111: ='일위대가목록(총체)'!G150 -> 0 | J111: =TRUNC(I111*D111,1) -> 0 | K111: =TRUNC(E111+G111+I111,1) -> 0 | L111: =TRUNC(F111+H111+J111,1) -> 0 | N111: 528C72B6D26AD9C653490E35E304BB | O111: 528C72B6FD5EE9BC037673324330C7 | P111: T | Q111: F | R111: F | AW111: 528C72B6D26AD9C653490E35E304BB528C72B6FD5EE9BC037673324330C7
A112: 방수프라이머 바름 | B112: 롤러 1층(회) 바름 기준 | C112: M2 | D112: 1 | E112: ='일위대가목록(총체)'!E151 -> 0 | F112: =TRUNC(E112*D112,1) -> 0 | G112: ='일위대가목록(총체)'!F151 -> 0 | H112: =TRUNC(G112*D112,1) -> 0 | I112: ='일위대가목록(총체)'!G151 -> 0 | J112: =TRUNC(I112*D112,1) -> 0 | K112: =TRUNC(E112+G112+I112,1) -> 0 | L112: =TRUNC(F112+H112+J112,1) -> 0 | N112: 528C72B6D26AD9C653490E35E304BB | O112: 528C72B6FD5EE9BFD8BA5F3BF3021F | P112: T | Q112: F | R112: F | AW112: 528C72B6D26AD9C653490E35E304BB528C72B6FD5EE9BFD8BA5F3BF3021F
A113: 도막바름 | B113: 바닥, 도막 1층(회) 형성 기준 | C113: M2 | D113: 1 | E113: ='일위대가목록(총체)'!E152 -> 0 | F113: =TRUNC(E113*D113,1) -> 0 | G113: ='일위대가목록(총체)'!F152 -> 0 | H113: =TRUNC(G113*D113,1) -> 0 | I113: ='일위대가목록(총체)'!G152 -> 0 | J113: =TRUNC(I113*D113,1) -> 0 | K113: =TRUNC(E113+G113+I113,1) -> 0 | L113: =TRUNC(F113+H113+J113,1) -> 0 | N113: 528C72B6D26AD9C653490E35E304BB | O113: 528C72B6D26AC921D723F83FE392FC | P113: T | Q113: F | R113: F | AW113: 528C72B6D26AD9C653490E35E304BB528C72B6D26AC921D723F83FE392FC
A114: 보강포 붙임 | B114: 바닥, 1층(회) 붙임 기준 | C114: M2 | D114: 1 | E114: ='일위대가목록(총체)'!E153 -> 0 | F114: =TRUNC(E114*D114,1) -> 0 | G114: ='일위대가목록(총체)'!F153 -> 0 | H114: =TRUNC(G114*D114,1) -> 0 | I114: ='일위대가목록(총체)'!G153 -> 0 | J114: =TRUNC(I114*D114,1) -> 0 | K114: =TRUNC(E114+G114+I114,1) -> 0 | L114: =TRUNC(F114+H114+J114,1) -> 0 | N114: 528C72B6D26AD9C653490E35E304BB | O114: 528C72B6D26AC921D720233BA345D3 | P114: T | Q114: F | R114: F | AW114: 528C72B6D26AD9C653490E35E304BB528C72B6D26AC921D720233BA345D3
A115: [ 합 계 ] | F115: =TRUNC(SUMIF(N107:N114, N106, F107:F114),0) -> 0 | H115: =TRUNC(SUMIF(N107:N114, N106, H107:H114),0) -> 0 | J115: =TRUNC(SUMIF(N107:N114, N106, J107:J114),0) -> 0 | L115: =F115+H115+J115 -> 0 | N115: TOTAL | O115: TOTAL
A117: 수용성 고무화 아스팔트방수 벽, 비노출 M2 ( 호표 18 ) | N117: 528C72B6D26AD9C653490E35E304BA
...

Sheet 단가대비표(총체)
A1: 단 가 대 비 표
A2: [ 부산역 4층(부고열소) 내부개수 기타공사(총체) ]
A3: 코 드 | B3: 품 명 | C3: 규격 | D3: 단위 | E3: 재 료 비 | P3: 노 무 비 | Q3: 경 비 | W3: 번 호 | X3: 비 고 | Y3: 품목구분 | Z3: 노임구분 | AA3: 소수점처리 | AB3: 자재구분
E4: 조달청가격 | F4: PAGE | G4: 거래가격 | H4: PAGE | I4: 유통물가 | J4: PAGE | K4: 조사가격1 | L4: PAGE | M4: 조사가격2 | N4: PAGE | O4: 적용단가 | Q4: 조달청가격 | R4: 거래가격 | S4: 유통물가 | T4: 조사가격1 | U4: 조사가격2 | V4: 적용단가
A5: 5598A206DDB8894D5BFEB939A38989B97BC4DD | B5: 크레인(타이어) | C5: 10ton | D5: 대 | W5: 자재 1 | X5: 천원
A6: 5598A206DDB8F9F9F7032031D3A0EA11F75B50 | B6: 소형브레이커(전기식) | C6: 1.5kw | D6: 대 | W6: 자재 2 | X6: 천원
A7: 558E22F6D27B79DF31E62538A38FD09941FD79 | B7: 모래 | C7: 모래, 부산, 도착도 | D7: M3 | W7: 자재 3
A8: 558E22F6D24E09A5E3A74F32A391CBF022DCF4 | B8: 보통합판 | C8: 보통합판, 1급, 12*1220*2440mm | D8: M2 | W8: 자재 4
A9: 558E22F6D24E09A5E3A74F32A391CBF022DCFA | B9: 보통합판 | C9: 보통합판, 1급, 15*1220*2440mm | D9: M2 | W9: 자재 5
A10: 558E22F6D24E09A5E3A5823BD3E3DF31B6FEC7C2 | B10: T15 목모흡음보드 | C10: T15, 국내산 | D10: M2 | W10: 자재 6
A11: 558E22F6D24E09A5E3A5823BD3E3DF31B6FEC7C3 | B11: 차은시트 | C11: 2T | D11: M2 | W11: 자재 7
A12: 558E22F6D200591750453D3483ACAFEABC9FBD43 | B12: 디지털 도어록 | C12: 레바일체형 철재문용 | D12: 개소 | W12: 자재 8
A13: 558E22F6D200591750453D3483ACAFEABC9FBD40 | B13: 디지털 도어록 | C13: 레바일체형 목재문용 | D13: 개소 | W13: 자재 9
A14: 558E22F6D2F8D917C4EAFF3CD364D6C4553658 | B14: 철강설 | C14: 철강설, 고철, 작업설부산물 | D14: TON | W14: 자재 10 | X14: 수집상차도
A15: 558E22F6D2F8D917C4EAFF3CD364D6C455365B | B15: 철강설 | C15: 철강설, 고철, 작업설부산물 | D15: kg | W15: 자재 11 | X15: 수집상차도
A16: 558E22F6D2F8D917C4EAFF3CD364D6C455377E | B16: 철강설 | C16: 철강설, 스텐레스, 작업설부산물 | D16: kg | W16: 자재 12 | X16: 수집상차도
A17: 558E12D646B949A33667F33393D6790B39E66D | B17: 아르곤가스 | C17: 아르곤가스, 건설용알곤가스 | D17: L | W17: 자재 13
A18: 558E12D6469EC95917270C37739FD08DB0D7D8 | B18: 침투성방수제 | C18: 침투성방수제, 급결방수액 | D18: L | W18: 자재 14
A19: 558E12D6469EC95917239132F3FC139EBC440C | B19: 아스팔트방수재 | C19: 수용성 고무화아스팔트 AP-300 | D19: KG | W19: 자재 15
A20: 558E12D6469EC95917239132F3FC139EBC440F | B20: 아스팔트방수재 | C20: 수용성 아스팔트 프라이머 AP-100 | D20: KG | W20: 자재 16
A21: 558E12D6469EC95917239132F3FC139EBC440E | B21: 아스팔트방수재 | C21: 보강포 | D21: KG | W21: 자재 17
A22: 558E62566A9D390C7355633E03BE07898F72E2 | B22: 경유 | C22: 경유, 저유황 | D22: L | W22: 자재 18
A23: 55BBB2D6EA7309A0AD36DC353352918510535E | B23: 용접봉(연강용) | C23: 3.2(KSE5016) | D23: kg | W23: 자재 19
A24: 55BBB2D6EA7309A0AD36DC35335291851202DC | B24: 스테인리스강용알곤용접봉 | C24: 스테인리스강용알곤용접봉, ∮3.2mm, T-308 | D24: kg | W24: 자재 20
A25: 55A91276F31329C56A43913AB39CD4B05C0C5D | B25: 일반구조용압연강판 | C25: 일반구조용압연강판, 1.6mm | D25: kg | W25: 자재 21
A26: 55A91276F31329C56A43913AB39CD4B05C0C5A | B26: 일반구조용압연강판 | C26: 일반구조용압연강판, 2.3mm | D26: kg | W26: 자재 22
A27: 55A91276F31329C56A428F33B303261D0F0038 | B27: 스테인리스강판 | C27: 스테인리스강판, STS304, 1.5mm | D27: kg | W27: 자재 23
A28: 55A91276F31339E891023A3743E44F71C56F8D | B28: 각재 | C28: 각재, 외송 | D28: M3 | W28: 자재 24
... A63: 55A91276F375999B0A7E4E382333117A311D42 | B63: 나사 | C63: SCREW | D63: EA | W63: 자재 59
A64: 55A91276F375999B0A7E4E382333117A311D43 | B64: HILTI PIN | D64: EA | W64: 자재 60
A65: 55A91276F375999B0A7E4E382336EF9E04C7AD | B65: 경량철골천장틀 | C65: 경량철골천장틀, 몰딩(알루미늄), ㄷ형, 15*30*15*1.0mm | D65: M | W65: 자재 61
A66: 55A91276F375999A638DAE36539C63839409D87C | B66: 전기온돌판넬 | C66: 15T*1700*850 | D66: EA | W66: 자재 62
A67: 55A91276F375999A638DAE36539C63839409D87F | B67: 전기온돌판넬 | C67: 15T*1700*425 | D67: EA | W67: 자재 63
A68: 55A91276F375999A638DAE36539C63839409D87E | B68: 전기온돌판넬 | C68: 15T*850*425 | D68: EA | W68: 자재 64
A69: 55A91276F375999A638DAE36539C63839409D879 | B69: 보조블록 | C69: 15T*212.5*425 | D69: EA | W69: 자재 65
A70: 55A91276F375999A638DAE36539C63839409D878 | B70: 온도조절기 | C70: 소형 | D70: EA | W70: 자재 66
A71: 55A91276F375999A6388283F033E1C22582354 | B71: 비닐타일 | C71: 비닐타일, 3*450*450mm, 데코타일 | D71: M2 | W71: 자재 67
A72: 55A91276F375999A6388283F033E1C27D2E997 | B72: 비닐시트 | C72: 비닐시트, 2.0mm, 모노륨 | D72: M2 | W72: 자재 68 | X72: LG 명품기준
A73: 55A91276F375999A6388283F033B46917C724F | B73: 비닐시트 | C73: 비닐시트, 6.0mm, 고탄성비닐시트, EQ-Floor | D73: M2 | W73: 자재 69
A74: 55A91276F3759994DA426137D3EF1C7007C8CA | B74: 후드캡 | C74: 원형루버, 스테인리스 | D74: 개 | W74: 자재 70
A75: 55A91276F36B393F9BFA7432A3061539C2E1C413 | B75: 도어클로저 | C75: 도어클로저, K-1620 중급정지형, 25~45kg | D75: 조 | W75: 자재 71
A76: 55A91276F36B393F9829AE3B935656C7018AAB | B76: 방화문(F:1.6t D:1.0t) | C76: 양개 1.8*2.1기준 정전분체도장 | D76: 조 | W76: 자재 72
A77: 55A91276F36B393F9829AE3B935656C7018AAA | B77: 갑종방화문(F:1.6t D:1.2t) | C77: 양개 1.8*2.1기준 그라스울채움, 정전분체도장 | D77: 조 | W77: 자재 73
A78: 55A91276F36B393F9829AE3B935656C7018AA9 | B78: 방화문(F:1.6t D:1.0t) | C78: 편개 1.0*2.1기준 정전분체도장 | D78: 조 | W78: 자재 74
A79: 55A91276F36B393CCF53043E23A2C4D7212DD8D1 | B79: ABS 3연동 도어, 목무늬Sheet | C79: 3짝 연동 1.5*2.1 미서기 | D79: 개 | W79: 자재 75 | X79: 현장설치도
A80: 55A91276F36B393CCF53073B732973BF4413D107 | B80: ABS 진공성형도어 문짝 및 문틀 | C80: 편개 900*2100*230 | D80: SET | W80: 자재 76 | X80: 한화
A81: 55A91276F36B393CCF53073B732973BF4413D105 | B81: ABS 진공성형도어 문짝 및 문틀 | C81: 양개 1500*2100*230 | D81: SET | W81: 자재 77 | X81: 한화
A82: 55A91276F36B393DEC74323AB3807C22E9712DB6 | B82: 백페인트글라스 | C82: T8, 화이트보드, 제비스코 | D82: M2 | W82: 자재 78
A83: 55A91276F390797C34F1013723A0DAB161A8A8D1 | B83: 세면기 | C83: 폽업/P트랩/비누대 포함, L-206UD | D83: 대 | W83: 자재 79
A84: 55A91276F390797C34F07E31B32AF143C51E25 | B84: 대변기(양변기) | C84: 절수형, 로탱크일체형, C-973F | D84: 조 | W84: 자재 80
A85: 55A91276F390797C34F3333E83C2A5F1753A7C | B85: 트랩탈착식스톨소변기 | C85: U-350(F), 센서 내장형 ㉿U312R | D85: 조 | W85: 자재 81
A86: 55A91276F390797C34FD3631632D4CCFE8AF5C90 | B86: 화장실칸막이(HDC 300시리즈) | C86: 일반HPM(바닥형) 포스트 하부S'STL(H/L)걸레받이(20T) | D86: M2 | W86: 자재 82 | X86: 시공도
A87: 55A91276F390797C34FD3631632D4CCFE8AF5C93 | B87: 소변기칸막이(UG100) | C87: 8T*450*1200, 엣칭 강화유리 | D87: EA | W87: 자재 83 | X87: 시공도
A88: 55A91276F390797C34FD3631632D4CCFE8AF5C92 | B88: 샤워칸막이 설치 | C88: 유리부스, W1000*D1200*H1900 | D88: M2 | W88: 자재 84 | X88: 시공도
A89: 55A91276F390797C359C6A3663DA7A8D70AB7BE7 | B89: 수건걸이 | C89: 크롬도장, BAR형, 1BAR | D89: 개 | W89: 자재 85
A90: 55A91276F390797C35953B39730BF5F8F32351BC | B90: 샤워기수전 | C90: 벽붙이, 싱글레버, KRS-3000 | D90: 개 | W90: 자재 86
A91: 55A91276F390797C35953B39730BF5F8F32351B3 | B91: 싱크수전 | C91: 대붙이, 싱글레버, KSA110-C | D91: 개 | W91: 자재 87
A92: 55A91276F390797C35953B39730BF5F8F32629 | B92: 세면기수전 | C92: 원홀, 싱글레버, KLA-100C | D92: 개 | W92: 자재 88
A93: 55A91276F390797C35953B39730BF5F8F32628 | B93: 수도꼭지 | C93: 가로꼭지, 15mm, KA-100 동등이상 | D93: 개 | W93: 자재 89
A94: 55A91276F390797C35953B39730BF5F8F3262F | B94: 수도꼭지 | C94: 커플링가로꼭지, 15mm, KA-200 동등이상 | D94: 개 | W94: 자재 90
A95: 55A91276F390797C37481433830ABD2E50ED60DE | B95: 휴지걸이 | C95: SUS제, 노출형 | D95: 개 | W95: 자재 91
A96: 55A91276F390797C3DDB0732A3FB666FD6ABEE | B96: 수채 | C96: 수채, vs-210, 소제용수채 | D96: 조 | W96: 자재 92
A97: 55A91276F387E9FF4D387D3A933811961EBD3E | B97: 비계안정장치 | C97: 비계안정장치, 이음철물, 연결핀 | D97: 개 | W97: 자재 93
A98: 55A91276F387E9FF4D387D3A933811961EBFE0 | B98: 비계안정장치 | C98: 비계안정장치, 비계기본틀, 기둥, 1.2*1.7m | D98: 개 | W98: 자재 94
A99: 55A91276F387E9FF4D387D3A933811961EBFEE | B99: 비계안정장치 | C99: 비계안정장치, 가새, 1.2*1.9m | D99: 개 | W99: 자재 95
A100: 55A91276F387E9FF4D387D3A933811961EB063 | B100: 비계안정장치 | C100: 비계안정장치, 수평띠장, 1829mm | D100: 개 | W100: 자재 96
... A119: 55A90256AD5809487F72C034F31E0D59AF03BD | B119: 초산비닐계접착제 | C119: 초산비닐계접착제, 창호목공용 | D119: kg | W119: 자재 115
A120: 55A90256AD5809487F76BF3923ECD7DB471594E0 | B120: 중량 선반설치 | C120: 1550*600*2100 | D120: EA | W120: 자재 116 | X120: 견적단가
A121: 55A90256AD5809487F76BF3923ECD7DB471594E3 | B121: 중량 선반설치 | C121: 1250*600*2100 | D121: EA | W121: 자재 117 | X121: 견적단가
A122: 55A90256AD5809487F76BF3923ECD7DB471594E2 | B122: 중량 선반설치 | C122: 1250*450*2100 | D122: EA | W122: 자재 118 | X122: 견적단가
A123: 55A90256AD5809487F76BF3923ECD7DB471594E5 | B123: 중량 선반설치 | C123: 1550*450*2100 | D123: EA | W123: 자재 119 | X123: 견적단가
A124: 55A90256AD5809487F76BF3923ECD7DB471594E4 | B124: 씽크대(상·하부장 포함) | C124: L3600, 상판 인조대리석, 전기렌지 포함 | D124: SET | W124: 자재 120 | X124: 견적단가
A125: 55A90256AD5809487F76BF3923ECD7DB471594E7 | B125: 붙박이장 제작설치 | C125: 옷장+이블장+화장대, 800*2200*600 | D125: EA | W125: 자재 121 | X125: 견적단가
A126: 55A90256AD5839024EC59D3CC3763E1D47CACE | B126: 접착테이프 | C126: 1,500*1,200기준 | D126: M | W126: 자재 122 | X126: 조인트 보강용
A127: 55A90256AD4FA987F58C2736735E9787FD30C1 | B127: 수성페인트 | C127: 수성페인트, KSM6010-1종1급, 백색 | D127: L | W127: 자재 123
A128: 55A90256AD4FA987FC3A4F30635BC3140BA119 | B128: 조합페인트 | C128: 조합페인트, KSM6020-1종1급, 백색 | D128: L | W128: 자재 124
A129: 55A90256AD4FA985C89D1D3C33946A963F7033 | B129: 실링재 | C129: 실링재, 실리콘, 비초산, 유리용, 창호주위 | D129: L | W129: 자재 125
A130: 55A90256AD4FA98A4AD7E23693A46DA678F0FE | B130: 시너 | C130: 시너, KSM6060, 2종 | D130: L | W130: 자재 126
A131: 55D652D6C43479D050FD0B3613A9EEF186EEFC | B131: 환풍기 | C131: Ø250*250㎜, 210CMH, EK-160NST 동등이상 | D131: 대 | W131: 자재 127
A132: 55D652D6C43479D17787B1384305C36219342037 | B132: 시스템형에어컨 및 전열교환기 설치 | C132: 실외기2대, 실내기25대, 전열교환기(1000)3대 | D132: 식 | W132: 자재 128
A133: 55D652D6C43479D17787B1384305C36219342034 | B133: 에어컨 이설(철거) | C133: 스탠드 4대 이설후 철거, 스탠드 3대, 벽걸이 5대 철거 | D133: 식 | W133: 자재 129
A134: 55D652D6C43479DEC94E953B63AE98ECAEEACB | B134: 관보온재 | C134: 관보온재, 아티론, 난연, ∮15*25mm | D134: M | W134: 자재 130
A135: 55D652D6C43479DEC94E953B63AE98ECAEEACA | B135: 관보온재 | C135: 관보온재, 아티론, 난연, ∮20*25mm | D135: M | W135: 자재 131
A136: 55D652D6C43479DEC94E953B63AE98ECAEEAC9 | B136: 관보온재 | C136: 관보온재, 아티론, 난연, ∮25*25mm | D136: M | W136: 자재 132
A137: 55D652D6C43479DEC94E953B63AE98ECAEEAC8 | B137: 관보온재 | C137: 관보온재, 아티론, 난연, ∮32*25mm | D137: M | W137: 자재 133
A138: 55D652D6C47209FF1C260A32932365425ED86A | B138: 볼밸브 | C138: 볼밸브, ∮25mm*0.98MPa, 수동식, STS | D138: 개 | W138: 자재 134
... A174: 55D652D6C4B9D94E9EDFB53263CF3084A2D91DAB | B174: 전기온수기 | C174: 800L, 스테인리스(내통), 8kW | D174: 대 | W174: 자재 170
A175: 55C582462F05991564467131B3414B7C67B819 | B175: 거울 | C175: 거울, 450*600*5mm | D175: 개 | W175: 자재 171 | X175: A * M2단가
A176: 528CE20691B389BDEB863B38E3E373 | B176: 건설폐재류 | C176: 가연성이 제거된 재활용이 가능한 혼합물 | D176: TON | W176: 자재 172 | Y176: C
A177: 528CE20691B389BDEB863B38937F64 | B177: 혼합건설폐기물 | C177: 건설폐재류에 가연성 5% 이하 혼합 | D177: TON | W177: 자재 173 | Y177: C
A178: 528CE20691B389BCC2CF9D32535988 | B178: 건설폐재류 상차비 및 운반비 | C178: 15톤 덤프트럭, 30km | D178: TON | W178: 자재 174 | Y178: C
A179: 528CE20691B389BCC2CF9D32238529 | B179: 혼합건설폐기물 상차비 및 운반비 | C179: 16톤 암롤트럭, 30km | D179: TON | W179: 자재 175 | Y179: C
A180: 525EB2169A3C69E10E693C3EB327F425525855 | B180: 보통인부 | C180: 일반공사 직종 | D180: 인 | W180: 노임 1 | Y180: B
A181: 525EB2169A3C69E10E693C3EB327F425525854 | B181: 특별인부 | C181: 일반공사 직종 | D181: 인 | W181: 노임 2 | Y181: B
A182: 525EB2169A3C69E10E693C3EB327F425525851 | B182: 비계공 | C182: 일반공사 직종 | D182: 인 | W182: 노임 3 | Y182: B
A183: 525EB2169A3C69E10E693C3EB327F42552585E | B183: 철공 | C183: 일반공사 직종 | D183: 인 | W183: 노임 4 | Y183: B
A184: 525EB2169A3C69E10E693C3EB327F42552597C | B184: 용접공 | C184: 일반공사 직종 | D184: 인 | W184: 노임 5 | Y184: B
A185: 525EB2169A3C69E10E693C3EB327F42552597B | B185: 착암공 | C185: 일반공사 직종 | D185: 인 | W185: 노임 6 | Y185: B
A186: 525EB2169A3C69E10E693C3EB327F425525979 | B186: 할석공 | C186: 일반공사 직종 | D186: 인 | W186: 노임 7 | Y186: B
A187: 525EB2169A3C69E10E693C3EB327F425525A05 | B187: 조적공 | C187: 일반공사 직종 | D187: 인 | W187: 노임 8 | Y187: B
...

Sheet  공사설정 
A1: 이 Sheet는 수정하지 마십시요
A2: 공사구분 | B2: A | C2: 타이틀
A3: 확정내역 | B3: 원내역
A4: 자재단가적용 | B4: 5
A5: 경비단가적용 | B5: 5
A6: 품목코드형식 | B6: XXXX-XXXXXXXXXXXXX
A7: 내역금액소수점처리 | B7: C | C7: 1
A8: 일위대가내역소수점처리 | B8: C | C8: 2
A9: 단가명 | B9: 조달청가격 | C9: 거래가격 | D9: 유통물가 | E9: 조사가격1 | F9: 조사가격2 | G9: TTTTT
A10: 환율 | B10: 0 | C10: 0 | D10: 0
A11: 시간당작업량 | B11: R | C11: 3
A12: 1회 사이클시간 | B12: R | C12: 3
A13: 시간당 작업사이클 | B13: R | C13: 2
A14: 일반변수 | B14: C | C14: 5
A15: 시간당 노임산출 계수 | B15: A | C15: 1/8*16/12*25/20 | D15: 1/8*16/12*25/20 | E15: 1/8*16/12*25/20 | F15: 1
A16: 재료비 할증 계수 | B16: 0 | C16: 0
A17: 노무비 할증 계수 | B17: 0 | C17: 0 | D17: 0 | E17: 0 | F17: 0 | G17: 0 | H17: 0 | I17: 0 | J17: 0 | K17: 0 | L17: 0 | M17: 0
A18: 경비 할증 계수 | B18: 0 | C18: 0
A19: 내역,일위대가 품명,규격,단위 따로적용
A20: 내역단가 소수점처리 | C20: 1
A21: 코드 | B21: 공종구분명 | C21: 원가비목코드
A22: 1 | B22: 작 업 부 산 물 | C22: A3
A23: 2 | B23: 운 반 비 | C23: C1
A24: 3 | B24: 관 급 자 재 비 | C24: DJ
A25: 4 | B25: 사 급 자 재 비 | C25: D3
A26: 5 | B26: 외 자 재
A27: 6 | B27: 폐기물처리비 | C27: D4
A28: 7 | B28: ...
A29: 8 | B29: ...
A30: 9 | B30: ...

Sheet Sheet1
