Workbook
Name ____gh1: #N/A
Name ___gh1: #N/A
Name __gh1: '총괄표 '!__gh1
Name __gh1: #N/A
Name __K1: #REF!
Name __K3: #REF!
Name __K6: #REF!
Name __p2: #REF!
Name __P22: #REF!
Name __P31: #REF!
Name __P33: #REF!
Name _10_____________________________________________________________________________________________________________________________________________________________________________\SM: '[2]#REF'!#REF!
Name _100____________________________________________________________________________________________________________________________________________________________________________ME: '[2]#REF'!#REF!
Name _100_________________________________________________________________________________________________________________________________________________________________________\LA: '[2]#REF'!#REF!
Name _1002_________________________________________________________________________0\SM: '[4]#REF'!#REF!
Name _1004_____________________________________________________________________________________________________________________________________________________3__Crite: #REF!
Name _1006_____________________________________________________________________________________________________________________________________________________3__Criteria: #REF!
Name _1006_______________________________________________________________________3__Crite: #REF!
Name _1007_______________________________________________________________________3__Criteria: #REF!
Name _1008_______________________________________________________________________G_0Extract: #REF!
Name _1009_______________________________________________________________________G__Extr: #REF!
Name _101_________________________________________________________________________________________________________________________________________________________________________\MID: '[2]#REF'!#REF!
Name _1010_______________________________________________________________________G__Extract: #REF!
Name _1011__________________________________________________________________________ME: '[2]#REF'!#REF!
Name _1012_____________________________________________________________________________________________________________________________________________________G_0Extract: #REF!
Name _1012__________________________________________________________________________ME: '[2]#REF'!#REF!
Name _1014_____________________________________________________________________________________________________________________________________________________G__Extr: #REF!
Name _1016_____________________________________________________________________________________________________________________________________________________G__Extract: #REF!
Name _1018________________________________________________________________________________________________________________________________________________________ME: '[2]#REF'!#REF!
Name _1019______________________________________________________________________\LA: '[2]#REF'!#REF!
Name _102_________________________________________________________________________________________________________________________________________________________________________\SM: '[2]#REF'!#REF!
Name _1020________________________________________________________________________________________________________________________________________________________ME: '[2]#REF'!#REF!
Name _1020_________________________________________________________________________________________________________________________________\LA: '[2]#REF'!#REF!
Name _1020______________________________________________________________________\MID: '[2]#REF'!#REF!
Name _1021_________________________________________________________________________________________________________________________________\MID: '[2]#REF'!#REF!
Name _1021______________________________________________________________________\SM: '[2]#REF'!#REF!
Name _1022_________________________________________________________________________________________________________________________________\SM: '[2]#REF'!#REF!
Name _1025_____________________________________________________________________0\SM: '[4]#REF'!#REF!
Name _1026________________________________________________________________________________________________________________________________0\SM: '[4]#REF'!#REF!
Name _1028_______________________________________________________________________________________________________________________________________________________\LA: '[2]#REF'!#REF!
Name _1029___________________________________________________________________3__Crite: #REF!
Name _1030_______________________________________________________________________________________________________________________________________________________\MID: '[2]#REF'!#REF!
Name _1030___________________________________________________________________3__Criteria: #REF!
Name _1031______________________________________________________________________________________________________________________________3__Crite: #REF!
Name _1031___________________________________________________________________G_0Extract: #REF!
Name _1032_______________________________________________________________________________________________________________________________________________________\SM: '[2]#REF'!#REF!
Name _1032______________________________________________________________________________________________________________________________3__Criteria: #REF!
Name _1032___________________________________________________________________G__Extr: #REF!
Name _1033___________________________________________________________________G__Extract: #REF!
Name _1034______________________________________________________________________ME: '[2]#REF'!#REF!
Name _1035______________________________________________________________________________________________________________________________G_0Extract: #REF!
Name _1035______________________________________________________________________ME: '[2]#REF'!#REF!
Name _1036______________________________________________________________________________________________________________________________G__Extr: #REF!
Name _1037______________________________________________________________________________________________________________________________G__Extract: #REF!
Name _1038_________________________________________________________________________________________________________________________________ME: '[2]#REF'!#REF!
Name _1039_________________________________________________________________________________________________________________________________ME: '[2]#REF'!#REF!
Name _1040______________________________________________________________________________________________________________________________________________________0\SM: '[4]#REF'!#REF!
Name _1042__________________________________________________________________\LA: '[2]#REF'!#REF!
Name _1043__________________________________________________________________\MID: '[2]#REF'!#REF!
Name _1044__________________________________________________________________\SM: '[2]#REF'!#REF!

Sheet 표지
C3: 2018년 01월
C6: 건 명 :[ 부산역 3층맞이방 전문점 신축공사 ]
B8: 건 축 공 사 내 역 서
B23: 코레일유통(주)
C27: 2018년 01월
C30: 건 명 :[ 부산역 3층맞이방 전문점 신축공사 ]
B32: 일위대가, 단가대비표, 수량산출서
B47: 코레일유통(주)

Sheet 원가계산서
B1: 공 사 원 가 계 산 서
B2: 건 명 :[ 부산역 3층맞이방 전문점 신축공사 ]
B3: 비 목 | E3: 금 액 | F3: 구 성 비 | G3: 비 고
A4: A1 | B4: 순 공 사 원 가 | C4: 재 료 비 | D4: 직 접 재 료 비 | E4: ='총괄표 '!E11-E5 -> 0 | I4: 재료비합계 | J4: =E4+E5 -> 0
A5: A2 | D5: 간 접 재 료 비 | E5: =공종별집계표!F7 -> 0 | F5: 가설공사재료비
A6: A3 | D6: 작업설, 부산물(△) | E6: ='총괄표 '!K19 -> 0
A7: AS | D7: [ 소 계 ] | E7: =E4+E5-E6 -> 0
A8: B1 | C8: 노 무 비 | D8: 직 접 노 무 비 | E8: ='총괄표 '!G11 -> 0
A9: B2 | D9: 간 접 노 무 비 | F9: 직접노무비 * 0% | J9: =E4+E5+E8+E11 -> 0
A10: BS | D10: [ 소 계 ] | E10: =TRUNC(E8+E9, 0) -> 0
A11: C2 | C11: 경 비 | D11: 기 계 경 비 | E11: ='총괄표 '!I11 -> 0
A12: C4 | D12: 산 재 보 험 료 | E12: =TRUNC(E10*0.039, 0) -> 0 | F12: 노무비 * 3.9% | G12: 모든공사에적용
A13: C5 | D13: 고 용 보 험 료 | E13: =TRUNC(E10*0.0087, 0) -> 0 | F13: 노무비 * 0.87% | G13: 모든공사에적용
A14: C6 | D14: 국민 건강 보험료 | E14: =TRUNC(E8*0.017, 0)*0 -> 0 | F14: 직접노무비 * 1.7% | G14: 1개월이상(본공사제외)
A15: C7 | D15: 국민 연금 보험료 | E15: =TRUNC(E8*0.0249, 0)*0 -> 0 | F15: 직접노무비 * 2.49% | G15: 1개월이상(본공사제외)
A16: CB | D16: 노인장기요양보험료 | E16: =TRUNC(E14*0.0655, 0) -> 0 | F16: 건강보험료 * 6.55% | G16: 1개월이상(본공사제외)
A17: C8 | D17: 퇴직 공제 부금비 | E17: =TRUNC(E8*0.023, 0)*0 -> 0 | F17: 직접노무비 * 2.3% | G17: 3억원이상(본공사제외)
A18: CA | D18: 산업안전보건관리비 | E18: =TRUNC(E7+E8)*0.0293 -> 0 | F18: (재료비+직노+관급자재) * 2.93% | G18: 4천만원이상
A19: CH | D19: 환 경 보 전 비 | E19: =TRUNC((E7+E8+E11)*0.005, 0) -> 0 | F19: (재료비+직노+기계경비) * 0.5%
A20: CG | D20: 기 타 경 비 | E20: =TRUNC((E7+E10)*0.048, 0) -> 0 | F20: (재료비+노무비) * 4.8%
A21: CK | D21: 하도급지급보증수수료 | F21: (재료비+직노+기계경비) * 0.081%
A22: CS | D22: [ 소 계 ] | E22: =TRUNC(E11+E12+E13+E14+E15+E17+E18+E16+E20+E19+E21, 0) -> 0
A23: S1 | B23: 계 | E23: =TRUNC(E7+E10+E22, 0) -> 0
A24: D1 | B24: 일 반 관 리 비 | E24: =TRUNC(E23*0.06, 0) -> 0 | F24: 계 * 6%
A25: D2 | B25: 이 윤 | E25: =TRUNC((E10+E22+E24)*0.15) -> 0 | F25: (노무비+경비+일반관리비) * 15%
A26: D9 | B26: 공 급 가 액 | E26: =TRUNC((E23+E24+E25), 0) -> 0
A27: DB | B27: 부 가 가 치 세 | F27: 공급가액 * 10%
A28: DH | B28: 도 급 액 | G28: 천원 단위절사
A29: S2 | B29: 총 공 사 비

Sheet 총괄표 
A1: 총 괄 표
A2: [ 부산역 3층맞이방 전문점 신축공사 ]
A3: 품 명 | B3: 단위 | C3: 수량 | D3: 재 료 비 | F3: 노 무 비 | H3: 경 비 | J3: 합 계 | L3: 비고
D4: 단가 | E4: 금액 | F4: 단가 | G4: 금액 | H4: 단가 | I4: 금액 | J4: 단가 | K4: 금액
A5: ■ 총 괄 표
A6: 01 ▶ 전 문 점 | B6: 식 | C6: 1 | E6: =공종별집계표!F6 -> 0 | G6: =공종별집계표!H6 -> 0 | I6: =공종별집계표!J6 -> 0 | K6: =E6+G6+I6 -> 0
K7: =E7+G7+I7 -> 0
A11: <소 계> | E11: =E6+E7+E8+E9+E10 -> 0 | G11: =G6+G7+G8+G9+G10 -> 0 | I11: =I6+I7+I8+I9+I10 -> 0 | K11: =SUM(K6:K10) -> 0
K12: =E12+G12+I12 -> 0
A13: <작업부산물> | K13: =E13+G13+I13 -> 0
A14: 01 ▶ 전 문 점 | B14: 식 | C14: 1 | E14: =공종별집계표!F13 -> 0 | G14: =공종별집계표!H13 -> 0 | I14: =공종별집계표!J13 -> 0 | K14: =E14+G14+I14 -> 0
I15: =[22]공종별집계표!J21 -> 0 | K15: =E15+G15+I15 -> 0
A19: <소 계> | E19: =SUM(E14:E18) -> 0 | G19: =SUM(G14:G18) -> 0 | I19: =SUM(I14:I18) -> 0 | K19: =SUM(K14:K18) -> 0
A25: <소 계> | E25: =SUM(E21:E24) -> 0 | G25: =SUM(G21:G24) -> 0 | I25: =SUM(I21:I24) -> 0 | K25: =SUM(K21:K24) -> 0
A27: 마지막열은 지우지 마시오

Sheet 공종별집계표
A1: 공 종 별 집 계 표
A2: [ 부산역 3층맞이방 전문점 신축공사 ]
A3: 품 명 | B3: 규 격 | C3: 단위 | D3: 수량 | E3: 재 료 비 | G3: 노 무 비 | I3: 경 비 | K3: 합 계 | M3: 비 고 | N3: 공종코드 | O3: 변수 | P3: 상위공종 | Q3: 공종구분 | R3: 공종레벨 | S3: 공종소계 | T3: 원가계산서 연결금액
E4: 단 가 | F4: 금 액 | G4: 단 가 | H4: 금 액 | I4: 단 가 | J4: 금 액 | K4: 단 가 | L4: 금 액
A5: 01 부산역 3층맞이방 전문점 신축공사 | D5: 1 | E5: =F6 -> 0 | F5: =E5*D5 -> 0 | G5: =H6 -> 0 | H5: =G5*D5 -> 0 | I5: =J6 -> 0 | J5: =I5*D5 -> 0 | K5: =E5+G5+I5 -> 0 | L5: =F5+H5+J5 -> 0 | N5: 01 | R5: 1 | S5: 1
A6: 0101 ■ 전 문 점 | D6: 1 | E6: =F7+F8+F9+F10+F11+F12 -> 0 | F6: =E6*D6 -> 0 | G6: =H7+H8+H9+H10+H11+H12 -> 0 | H6: =G6*D6 -> 0 | I6: =J7+J8+J9+J10+J11+J12 -> 0 | J6: =I6*D6 -> 0 | K6: =E6+G6+I6 -> 0 | L6: =F6+H6+J6 -> 0 | N6: 0101 | P6: 01 | R6: 2
A7: 010101 가 설 공 사 | D7: 1 | E7: =공종별내역서!F27 -> 0 | F7: =E7*D7 -> 0 | G7: =공종별내역서!H27 -> 0 | H7: =G7*D7 -> 0 | I7: =공종별내역서!J27 -> 0 | J7: =I7*D7 -> 0 | K7: =E7+G7+I7 -> 0 | L7: =F7+H7+J7 -> 0 | N7: 010101 | P7: 0101 | R7: 3
A8: 010102 수 장 공 사 | D8: 1 | E8: =공종별내역서!F51 -> 0 | F8: =E8*D8 -> 0 | G8: =공종별내역서!H51 -> 0 | H8: =G8*D8 -> 0 | I8: =공종별내역서!J51 -> 0 | J8: =I8*D8 -> 0 | K8: =E8+G8+I8 -> 0 | L8: =F8+H8+J8 -> 0 | N8: 010102 | P8: 0101 | R8: 3
A9: 010103 금 속 공 사 | D9: 1 | E9: =공종별내역서!F75 -> 0 | F9: =E9*D9 -> 0 | G9: =공종별내역서!H75 -> 0 | H9: =G9*D9 -> 0 | I9: =공종별내역서!J75 -> 0 | J9: =I9*D9 -> 0 | K9: =E9+G9+I9 -> 0 | L9: =F9+H9+J9 -> 0 | N9: 010103 | P9: 0101 | R9: 3
A10: 010104 도 장 공 사 | D10: 1 | E10: =공종별내역서!F99 -> 0 | F10: =E10*D10 -> 0 | G10: =공종별내역서!H99 -> 0 | H10: =G10*D10 -> 0 | I10: =공종별내역서!J99 -> 0 | J10: =I10*D10 -> 0 | K10: =E10+G10+I10 -> 0 | L10: =F10+H10+J10 -> 0 | N10: 010104 | P10: 0101 | R10: 3
A11: 010105 창 호 공 사 | D11: 1 | E11: =공종별내역서!F123 -> 0 | F11: =E11*D11 -> 0 | G11: =공종별내역서!H123 -> 0 | H11: =G11*D11 -> 0 | I11: =공종별내역서!J123 -> 0 | J11: =I11*D11 -> 0 | K11: =E11+G11+I11 -> 0 | L11: =F11+H11+J11 -> 0 | N11: 010105 | P11: 0101 | R11: 3
A12: 010106 유 리 공 사 | D12: 1 | E12: =공종별내역서!F147 -> 0 | F12: =E12*D12 -> 0 | G12: =공종별내역서!H147 -> 0 | H12: =G12*D12 -> 0 | I12: =공종별내역서!J147 -> 0 | J12: =I12*D12 -> 0 | K12: =E12+G12+I12 -> 0 | L12: =F12+H12+J12 -> 0 | N12: 010106 | P12: 0101 | R12: 3
A13: 010107 작업부산물(합계미포함) | D13: 1 | E13: =공종별내역서!F171 -> 0 | F13: =E13*D13 -> 0 | G13: =공종별내역서!H171 -> 0 | H13: =G13*D13 -> 0 | I13: =공종별내역서!J171 -> 0 | J13: =I13*D13 -> 0 | K13: =E13+G13+I13 -> 0 | L13: =F13+H13+J13 -> 0 | N13: 010107 | Q13: 1 | R13: 3 | T13: =L13*1 -> 0
A27: [ 합 계 ] | F27: =F5 -> 0 | H27: =H5 -> 0 | J27: =J5 -> 0 | L27: =L5 -> 0

Sheet 공종별내역서
A1: [ 부산역 3층맞이방 전문점 신축공사 ]
A2: 품 명 | B2: 규 격 | C2: 단위 | D2: 수량 | E2: 재 료 비 | G2: 노 무 비 | I2: 경 비 | K2: 합 계 | M2: 비 고 | N2: 품목코드 | O2: 변수 | P2: 설정 | Q2: 공종코드 | R2: 일위 | S2: 단산 | T2: 자재 | U2: 손료적용 | V2: 손료저장 | W2: 적용율 | X2: JUK1 | Y2: JUK2 | Z2: JUK3 | AA2: JUK4 | AB2: JUK5 | AC2: JUK6 | AD2: JUK7 | AE2: JUK8 | AF2: JUK9 | AG2: JUK10 | AH2: JUK11 | AI2: JUK12 | AJ2: JUK13 | AK2: JUK14 | AL2: JUK15 | AM2: JUK16 | AN2: JUK17 | AO2: JUK18 | AP2: JUK19 | AQ2: JUK20 | AR2: 자재구분 | AS2: 공종구분 | AT2: 공종레벨 | AU2: 공종+자재 | AV2: 고유번호
E3: 단 가 | F3: 금 액 | G3: 단 가 | H3: 금 액 | I3: 단 가 | J3: 금 액 | K3: 단 가 | L3: 금 액
A4: 010101 가 설 공 사(야간할증) | Q4: 010101
A5: 가설판넬이전설치 | B5: T:50MM | C5: M2 | D5: 117 | N5: 5EB635F27E68266595ADB7ED7619 | R5: T | S5: F | T5: F | AU5: 0101015EB635F27E68266595ADB7ED7619 | AV5: 3888
A6: 이동식강관말비계 | B6: 2단(4m), 3개월 | C6: 1대 | D6: 2 | N6: 5EB635F27E68306A9D3704611679 | R6: T | S6: F | T6: F | AU6: 0101015EB635F27E68306A9D3704611679 | AV6: 3238
A7: 건축물현장정리 | B7: 전체 | C7: M2 | D7: 436 | N7: 5EB635F27E68306A9B075C147639 | R7: T | S7: F | T7: F | AU7: 0101015EB635F27E68306A9B075C147639 | AV7: 2280
A27: [ 합 계 ] | F27: =SUM(F5:F26) -> 0 | H27: =SUM(H5:H26) -> 0 | J27: =SUM(J5:J26) -> 0 | L27: =SUM(L5:L26) -> 0 | N27: TOTAL
A28: 010102 수 장 공 사 | Q28: 010102
A29: 우레탄판넬 | B29: 지붕,THK50 | C29: M2 | D29: 159 | N29: 5EB635FF356F7B579C3294FCB6B9 | R29: F | S29: F | T29: T | AU29: 0101025EB635FF356F7B579C3294FCB6B9 | AV29: 4049
A30: 우레탄판넬설치-지붕 | C30: M2 | D30: 159 | N30: 5EB635F27E68266595ADB7EC0679 | R30: T | S30: F | T30: F | AU30: 0101025EB635F27E68266595ADB7EC0679 | AV30: 4050
A51: [ 합 계 ] | F51: =SUM(F29:F50) -> 0 | H51: =SUM(H29:H50) -> 0 | J51: =SUM(J29:J50) -> 0 | L51: =SUM(L29:L50) -> 0 | N51: TOTAL
A52: 010103 금 속 공 사(야간할증) | Q52: 010103
A53: 일반구조용각형강관 | B53: 150*100*3.2mm | C53: M | D53: 4 | N53: 5EA595345E6A06599B4A744EC679 | R53: F | S53: F | T53: T | AU53: 0101035EA595345E6A06599B4A744EC679 | AV53: 4055
A54: 일반구조용각형강관 | B54: 100*100*2.3mm | C54: M | D54: 517 | N54: 5EA595345E6A06599B4A70E42699 | R54: F | S54: F | T54: T | AU54: 0101035EA595345E6A06599B4A70E42699 | AV54: 3901
A55: 일반구조용각형강관 | B55: 100*50*2.3mm | C55: M | D55: 46 | N55: 5EA595345E6A06599B4A73A86689 | R55: F | S55: F | T55: T | AU55: 0101035EA595345E6A06599B4A73A86689 | AV55: 4051
A56: 일반구조용각형강관 | B56: 50*50*2.3mm | C56: M | D56: 428 | N56: 5EA595345E6A06599B4A70E99699 | R56: F | S56: F | T56: T | AU56: 0101035EA595345E6A06599B4A70E99699 | AV56: 3900
A57: 일반구조용각형강관 | B57: 30*30*2.3mm | C57: M | D57: 24 | N57: 5EA595345E6A06599B4A70EF36E9 | R57: F | S57: F | T57: T | AU57: 0101035EA595345E6A06599B4A70EF36E9 | AV57: 3832
A58: 갈바강판 | B58: T=1.6 | C58: KG | D58: 1588 | N58: 5E78F558E96FB4659A9EC37F36B9 | R58: F | S58: F | T58: T | AU58: 0101035E78F558E96FB4659A9EC37F36B9 | AV58: 3126
A59: 잡철물설치(각파이프) | B59: 간단 | C59: TON | D59: 5.02 | N59: 5EB635F27E68263997E4030676A9 | R59: T | S59: F | T59: F | AU59: 0101035EB635F27E68263997E4030676A9 | AV59: 3656
A60: 잡철물제작(철제) -강판 가공시 | B60: 보통 | C60: kg | D60: 1442 | N60: 5EB635F27E68263997E4004FF6F9 | R60: T | S60: F | T60: F | AU60: 0101035EB635F27E68263997E4004FF6F9 | AV60: 2311
A61: 재료분리대(바닥) | B61: 1.6t SUS | C61: M | D61: 4 | N61: 5EB635F27E68263996DFDEF57689 | R61: T | S61: F | T61: F | AU61: 0101035EB635F27E68263996DFDEF57689 | AV61: 3127
A75: [ 합 계 ] | F75: =SUM(F53:F74) -> 0 | H75: =SUM(H53:H74) -> 0 | J75: =SUM(J53:J74) -> 0 | L75: =SUM(L53:L74) -> 0 | N75: TOTAL
A76: 010104 도 장 공 사 | Q76: 010104
A77: 녹막이페인트칠 | B77: 1회.1종 | C77: M2 | D77: 292 | N77: 5EB635F27E6826779A8A2C6B0619 | R77: T | S77: F | T77: F | AU77: 0101045EB635F27E6826779A8A2C6B0619 | AV77: 2313
A78: 칼라소부도장 | B78: 창호,외벽 | C78: M2 | D78: 117 | N78: 5EB635F27E6826779CB826C55679 | R78: T | S78: F | T78: F | AU78: 0101045EB635F27E6826779CB826C55679 | AV78: 3659
A99: [ 합 계 ] | F99: =SUM(F77:F98) -> 0 | H99: =SUM(H77:H98) -> 0 | J99: =SUM(J77:J98) -> 0 | L99: =SUM(L77:L98) -> 0 | N99: TOTAL
A100: 010105 창 호 공 사 | Q100: 010105
A101: 양개자동문설치(무선터치형) | B101: 1800*3000, 비상전원장치 포함 | C101: 개소 | D101: 2 | N101: 5843F5266E65CCE09815CE764659 | R101: F | S101: F | T101: T | AU101: 0101055843F5266E65CCE09815CE764659 | AV101: 4054
A102: 강화도어/부속철물포함 | B102: 1000*3000 | C102: 개소 | D102: 1 | N102: 5EB635F27E6826549EBC86035699 | R102: T | S102: F | T102: F | AU102: 0101055EB635F27E6826549EBC86035699 | AV102: 4057
A123: [ 합 계 ] | F123: =SUM(F101:F122) -> 0 | H123: =SUM(H101:H122) -> 0 | J123: =SUM(J101:J122) -> 0 | L123: =SUM(L101:L122) -> 0 | N123: TOTAL
A124: 010106 유 리 공 사 | Q124: 010106
A125: 강화유리 | B125: 투명, 10mm | C125: M2 | D125: 109 | N125: 5EB635F9AD651C9B98AE0B254659 | R125: F | S125: F | T125: T | AU125: 0101065EB635F9AD651C9B98AE0B254659 | AV125: 3129
A126: 유리끼우기 - 판유리 | B126: 10mm 이상 | C126: M2 | D126: 108 | N126: 5EB635F27E68264A947E16FC9669 | R126: T | S126: F | T126: F | AU126: 0101065EB635F27E68264A947E16FC9669 | AV126: 3130
A127: 수밀코킹(5mm각) | B127: 치오콜 | C127: M | D127: 375 | N127: 5EB635F27E68261D99FCC10D5619 | R127: T | S127: F | T127: F | AU127: 0101065EB635F27E68261D99FCC10D5619 | AV127: 3131
A128: 수밀코킹(10mm각) | B128: 치오콜 | C128: M | D128: 174 | N128: 5EB635F27E68261D99FCC109F669 | R128: T | S128: F | T128: F | AU128: 0101065EB635F27E68261D99FCC109F669 | AV128: 3132
A147: [ 합 계 ] | F147: =SUM(F125:F146) -> 0 | H147: =SUM(H125:H146) -> 0 | J147: =SUM(J125:J146) -> 0 | L147: =SUM(L125:L146) -> 0 | N147: TOTAL
A148: 010107 작업부산물(합계미포함) | Q148: 010107
A149: 강설 | B149: 고철, 작업설부산물 | C149: kg | D149: 356 | N149: 5E78C5825F67358895A02B9A6649 | R149: F | S149: F | T149: T | AU149: 0101075E78C5825F67358895A02B9A6649 | AV149: 2327
A171: [ 합 계 ] | F171: =SUM(F149:F170) -> 0 | H171: =SUM(H149:H170) -> 0 | J171: =SUM(J149:J170) -> 0 | L171: =SUM(L149:L170) -> 0 | N171: TOTAL
